filename,label,unsure
screenshot_0.png,5sab,0
screenshot_1.png,jt6s,0
screenshot_2.png,8wjf,0
screenshot_3.png,zuv95,0
screenshot_4.png,t94j7,0
screenshot_5.png,3gxx,0
screenshot_6.png,mgcri,0
screenshot_7.png,k9mz7i,0
screenshot_8.png,fvg2,0
screenshot_9.png,bwciu5,0
screenshot_10.png,bwyh,0
screenshot_11.png,gfczi,0
screenshot_12.png,7utpwj,0
screenshot_13.png,6cjh96,0
screenshot_14.png,e49r,0
screenshot_15.png,awr8w,0
screenshot_16.png,k7h2,0
screenshot_17.png,2bvmt,0
screenshot_18.png,zj5p,0
screenshot_19.png,tn37,0
screenshot_20.png,e7xkr3,0
screenshot_21.png,k32iwj,0
screenshot_22.png,r9z2,0
screenshot_23.png,3hq8,0
screenshot_24.png,bw68,0
screenshot_25.png,kt23m,0
screenshot_26.png,xsc3xn,0
screenshot_27.png,ihc8,0
screenshot_28.png,3q7cc,0
screenshot_29.png,gub3i,0
screenshot_30.png,7cdbwj,0
screenshot_31.png,mivf,0
screenshot_32.png,bpcft,0
screenshot_33.png,rx5h,0
screenshot_34.png,yem8pf,0
screenshot_35.png,y5g9,0
screenshot_36.png,kgbknt,0
screenshot_37.png,kb6fy,0
screenshot_38.png,ut95m,0
screenshot_39.png,7s7sb5,0
screenshot_40.png,3ki42,0
screenshot_41.png,src3sp,0
screenshot_42.png,gv8q,0
screenshot_43.png,52dsw,0
screenshot_44.png,jnwue,0
screenshot_45.png,8n653p,0
screenshot_46.png,bpn87h,0
screenshot_47.png,w7pwg5,0
screenshot_48.png,uc2z,0
screenshot_49.png,f5y4,0
screenshot_50.png,5xsr98,0
screenshot_51.png,8abri3,0
screenshot_52.png,av88,0
screenshot_53.png,8vtnf,0
screenshot_54.png,7ki36i,0
screenshot_55.png,4tap7w,0
screenshot_56.png,7bdk,0
screenshot_57.png,ycqi,0
screenshot_58.png,kq5aue,0
screenshot_59.png,y35a4k,0
screenshot_60.png,7zbc,0
screenshot_61.png,3dxjn,0
screenshot_62.png,iy48v,0
screenshot_63.png,qy9w3u,0
screenshot_64.png,tzfi,0
screenshot_65.png,bewa,0
screenshot_66.png,7fn7d,0
screenshot_67.png,6dy7x,0
screenshot_69.png,6qxv5y,0
screenshot_70.png,s4g6e4,0
screenshot_71.png,8jjc,0
screenshot_72.png,qchwx,0
screenshot_73.png,x2kmrf,0
screenshot_74.png,dpdc,0
screenshot_75.png,6huugt,0
screenshot_76.png,qstcd,0
screenshot_77.png,truv2,0
screenshot_78.png,tx9i,0
screenshot_79.png,a5p9,0
screenshot_80.png,nhqvxa,0
screenshot_81.png,388z66,0
screenshot_82.png,kz35xp,0
screenshot_83.png,hu4ixw,0
screenshot_84.png,tgn4t3,0
screenshot_85.png,etictw,0
screenshot_86.png,qp54,0
screenshot_87.png,bfug,0
screenshot_88.png,z6dqif,0
screenshot_89.png,fnmtim,0
screenshot_90.png,nhnt,0
screenshot_91.png,w3rt4,0
screenshot_92.png,3jj9ry,0
screenshot_93.png,s2ed,0
screenshot_94.png,iac36v,0
screenshot_95.png,uex39,0
screenshot_96.png,ry763f,0
screenshot_97.png,z2j49,0
screenshot_98.png,bhf7e,0
screenshot_99.png,r4b2,0
screenshot_100.png,ufvq,0
screenshot_101.png,g2ed,0
screenshot_102.png,rzd3ga,0
screenshot_103.png,azffw,0
screenshot_104.png,79nsvt,0
screenshot_105.png,4iecy,0
screenshot_106.png,xstfj,0
screenshot_107.png,434ds9,0
screenshot_108.png,sghn,0
screenshot_109.png,82am2,0
screenshot_110.png,wukc,0
screenshot_111.png,mwjc,0
screenshot_112.png,43293i,0
screenshot_113.png,32ch,0
screenshot_114.png,znbu4j,0
screenshot_115.png,c6y2,0
screenshot_116.png,uugg,0
screenshot_117.png,9aij,0
screenshot_118.png,m2gf,0
screenshot_119.png,4yp7,0
screenshot_120.png,mxq8ey,0
screenshot_121.png,tzy7,0
screenshot_122.png,jjur7e,0
screenshot_123.png,86mvvy,0
screenshot_125.png,y3pnsn,0
screenshot_126.png,2kuvu5,0
screenshot_127.png,v7uva,0
screenshot_128.png,nnz9jx,0
screenshot_129.png,27v7gc,0
screenshot_130.png,4ukk,0
screenshot_131.png,vi4tmn,0
screenshot_132.png,g95a,0
screenshot_133.png,5rtw57,0
screenshot_134.png,iz4m6r,0
screenshot_135.png,tun3t6,0
screenshot_136.png,5wr7,0
screenshot_137.png,8w4r,0
screenshot_138.png,9sah2,0
screenshot_139.png,djxr,0
screenshot_140.png,m5ds,0
screenshot_141.png,cgu25,0
screenshot_142.png,i3cu8,0
screenshot_143.png,g7p4,0
screenshot_144.png,rw3fi,0
screenshot_145.png,bf84c,0
screenshot_146.png,jrqx7,0
screenshot_147.png,87hnss,0
screenshot_148.png,48n7s5,0
screenshot_149.png,njge83,0
screenshot_150.png,4cb997,0
screenshot_151.png,zujt4,0
screenshot_152.png,yb9i,0
screenshot_153.png,wauexy,0
screenshot_154.png,uuj9,0
screenshot_155.png,qs7h,0
screenshot_156.png,kkjafw,0
screenshot_157.png,n8wwz,0
screenshot_158.png,v9zh8r,0
screenshot_159.png,j35rp,0
screenshot_161.png,zaegj,0
screenshot_162.png,fazee,0
screenshot_163.png,hgf5,0
screenshot_164.png,qy3um,0
screenshot_165.png,8vjg,0
screenshot_166.png,gnewm7,0
screenshot_167.png,gacy6,0
screenshot_168.png,s7f32j,0
screenshot_169.png,d9t8,0
screenshot_170.png,8jqm3e,0
screenshot_171.png,imswsq,0
screenshot_172.png,k69kxg,0
screenshot_173.png,9mchx5,0
screenshot_174.png,djd4hp,0
screenshot_175.png,xhvp,0
screenshot_176.png,m3i7qf,0
screenshot_177.png,82wp5,0
screenshot_178.png,gk54,0
screenshot_179.png,ww5w,0
screenshot_180.png,6gnf,0
screenshot_181.png,rx9c88,0
screenshot_183.png,ehwn,0
screenshot_184.png,xudst,0
screenshot_185.png,eqwx,0
screenshot_186.png,cgkg9,0
screenshot_187.png,ptzk,0
screenshot_188.png,mcjxs,0
screenshot_189.png,6c5x,0
screenshot_190.png,mj79r4,0
screenshot_191.png,4yak,0
screenshot_192.png,q2cuwm,0
screenshot_193.png,ni9fw8,0
screenshot_194.png,xeu3,0
screenshot_195.png,xiu2f7,0
screenshot_196.png,f9cgpr,0
screenshot_197.png,yrrp,0
screenshot_198.png,x6xi,0
screenshot_199.png,r4m8f5,0
screenshot_200.png,7vckxe,0
screenshot_201.png,qhahv9,0
screenshot_202.png,kn5cs,0
screenshot_203.png,w93xd,0
screenshot_204.png,bz8yxb,0
screenshot_205.png,k3pik,0
screenshot_207.png,ntbis,0
screenshot_208.png,5yiwq,0
screenshot_209.png,hxb6,0
screenshot_210.png,h2pt3,0
screenshot_211.png,7mweez,0
screenshot_212.png,b6dkv,0
screenshot_213.png,8iep6,0
screenshot_214.png,g9gv,0
screenshot_215.png,wkezn,0
screenshot_216.png,id5gb5,0
screenshot_217.png,zhy5ha,0
screenshot_218.png,4g4n9,0
screenshot_219.png,whane,0
screenshot_220.png,67zhk,0
screenshot_221.png,rx68k3,0
screenshot_222.png,n6vd,0
screenshot_223.png,2gkaj,0
screenshot_224.png,xgyz,0
screenshot_225.png,xpfaw,0
screenshot_226.png,9ijrdp,0
screenshot_228.png,qafe,0
screenshot_229.png,wuqhc,0
screenshot_230.png,hcgi4e,0
screenshot_231.png,fe47un,0
screenshot_232.png,72zd7z,0
screenshot_233.png,8dekti,0
screenshot_234.png,u34jj,0
screenshot_235.png,xeeax,0
screenshot_236.png,n8x5,0
screenshot_237.png,xsxq8,0
screenshot_238.png,76cry,0
screenshot_239.png,wvmdxz,0
screenshot_240.png,fe24,0
screenshot_241.png,rcjwb,0
screenshot_242.png,xuajy,0
screenshot_243.png,z9eew4,0
screenshot_244.png,xqci7,0
screenshot_245.png,8rud,0
screenshot_246.png,qn4mt9,0
screenshot_247.png,49tj,0
screenshot_248.png,dvued,0
screenshot_249.png,4g9dgr,0
screenshot_250.png,ivyw,0
screenshot_251.png,34cx7,0
screenshot_252.png,uvtn,0
screenshot_253.png,hucum,0
screenshot_254.png,qtdjpn,0
screenshot_255.png,jijj,0
screenshot_256.png,w4ee5,0
screenshot_257.png,88iu67,0
screenshot_258.png,24nn,0
screenshot_259.png,ahwf,0
screenshot_260.png,q3mxg,0
screenshot_261.png,4amy,0
screenshot_262.png,6nai2z,0
screenshot_263.png,b7gjbk,0
screenshot_264.png,sb79h,0
screenshot_265.png,kw6b,0
screenshot_266.png,au26t,0
screenshot_267.png,9ux22q,0
screenshot_268.png,eb3d55,0
screenshot_269.png,ibebt5,0
screenshot_270.png,vt47,0
screenshot_271.png,wfznqe,0
screenshot_272.png,vztws,0
screenshot_273.png,k238mr,0
screenshot_274.png,bpn7c,0
screenshot_275.png,k2s6xi,0
screenshot_276.png,pvv6x,0
screenshot_277.png,hbs66,0
screenshot_278.png,a8hi,0
screenshot_279.png,93ppw5,0
screenshot_280.png,26rcv6,0
screenshot_281.png,f864,0
screenshot_282.png,4xn7w,0
screenshot_283.png,frijg,0
screenshot_284.png,3h59gc,0
screenshot_285.png,ys3m59,0
screenshot_287.png,3zv77,0
screenshot_288.png,ptgkj,0
screenshot_289.png,viap,0
screenshot_290.png,qtaffs,0
screenshot_291.png,khrn4,0
screenshot_292.png,gnuw8,0
screenshot_293.png,rpixgi,0
screenshot_294.png,wyubn3,0
screenshot_295.png,xp8tt,0
screenshot_296.png,utyvb,0
screenshot_297.png,d7b6e,0
screenshot_298.png,5cij,0
screenshot_299.png,irn32,0
screenshot_300.png,4658w,0
screenshot_301.png,v8cwb,0
screenshot_302.png,udxnp,0
screenshot_303.png,p9tv,0
screenshot_304.png,kpsjc,0
screenshot_305.png,zwr4,0
screenshot_306.png,b3gx,0
screenshot_307.png,ehy49,0
screenshot_308.png,kcj9,0
screenshot_309.png,n265,0
screenshot_310.png,rdp78,0
screenshot_311.png,uaiw,0
screenshot_312.png,e9ug6k,0
screenshot_313.png,hyimuq,0
screenshot_314.png,pe4v3b,0
screenshot_315.png,8ety,0
screenshot_316.png,jzarzj,0
screenshot_317.png,2rrrrz,0
screenshot_318.png,qbx3rv,0
screenshot_319.png,vugeb,0
screenshot_320.png,swe4n,0
screenshot_321.png,yp6r,0
screenshot_322.png,w6qwnu,0
screenshot_323.png,2p8bfg,0
screenshot_324.png,6c8sq,0
screenshot_325.png,fa5uc,0
screenshot_326.png,wypm6,0
screenshot_327.png,97bvn,0
screenshot_328.png,39st6,0
screenshot_329.png,e69re,0
screenshot_330.png,2rkg,0
screenshot_331.png,c64jz,0
screenshot_332.png,2ez66,0
screenshot_333.png,9ije7,0
screenshot_334.png,meja9w,0
screenshot_335.png,yugjxm,0
screenshot_336.png,eqeu,0
screenshot_337.png,sp5du3,0
screenshot_338.png,ki3q,0
screenshot_339.png,xn38,0
screenshot_340.png,pq27r,0
screenshot_341.png,zxvt,0
screenshot_342.png,d6caq,0
screenshot_343.png,uqjbg,0
screenshot_344.png,s7fyt,0
screenshot_345.png,55hezj,0
screenshot_346.png,td56tv,0
screenshot_347.png,pdaz,0
screenshot_348.png,6bc3zw,0
screenshot_349.png,2buz52,0
screenshot_350.png,n4mfik,0
screenshot_351.png,ibkb,0
screenshot_352.png,ku59k,0
screenshot_354.png,84cz2q,0
screenshot_355.png,kkdb9m,0
screenshot_356.png,tsdcr,0
screenshot_357.png,7b49s,0
screenshot_358.png,v8s3,0
screenshot_359.png,mg3sae,0
screenshot_360.png,6egb2,0
screenshot_361.png,7qmap,0
screenshot_362.png,4qn6,0
screenshot_363.png,9ahyw,0
screenshot_364.png,7qw58a,0
screenshot_365.png,2gm2d8,0
screenshot_366.png,tmdf,0
screenshot_367.png,hu6fh,0
screenshot_368.png,v4tk3,0
screenshot_369.png,pbaqyj,0
screenshot_370.png,qz7j,0
screenshot_371.png,ajm9,0
screenshot_372.png,ccbbn,0
screenshot_373.png,xbgeb,0
screenshot_374.png,becp9,0
screenshot_375.png,uhu9zk,0
screenshot_376.png,t8htkm,0
screenshot_377.png,qmyauh,0
screenshot_378.png,z26c,0
screenshot_379.png,d3e4ir,0
screenshot_380.png,eaetu,0
screenshot_381.png,x7u5,0
screenshot_382.png,5tmqnk,0
screenshot_383.png,85fi,0
screenshot_384.png,p92gv,0
screenshot_385.png,e9fwf,0
screenshot_386.png,7edc9,0
screenshot_387.png,rhbm5,0
screenshot_388.png,v4ybr,0
screenshot_389.png,yyzv,0
screenshot_390.png,zxji,0
screenshot_391.png,vibsp,0
screenshot_392.png,2tpsp6,0
screenshot_393.png,4q3x,0
screenshot_394.png,w9tr,0
screenshot_395.png,6uh4p8,0
screenshot_396.png,wsqvhf,0
screenshot_397.png,vyyx,0
screenshot_398.png,4bian,0
screenshot_399.png,7k5a,0
screenshot_400.png,9hk5f,0
screenshot_401.png,3sprxn,0
screenshot_402.png,k7hs,0
screenshot_403.png,pe6eke,0
screenshot_404.png,jx9n,0
screenshot_405.png,2has4,0
screenshot_406.png,hmc5,0
screenshot_407.png,hf9w58,0
screenshot_408.png,f98q82,0
screenshot_409.png,xuzej,0
screenshot_410.png,ttkc2,0
screenshot_411.png,8h83s8,0
screenshot_412.png,38m6gb,0
screenshot_413.png,pycksd,0
screenshot_414.png,6frag,0
screenshot_415.png,28j627,0
screenshot_416.png,f2ju,0
screenshot_417.png,cuw2,0
screenshot_418.png,4a64,0
screenshot_419.png,kxi3cx,0
screenshot_421.png,cf2y8,0
screenshot_422.png,dfmu,0
screenshot_423.png,qyesyu,0
screenshot_424.png,viug,0
screenshot_425.png,93uw,0
screenshot_426.png,yw4zvn,0
screenshot_427.png,esndfu,0
screenshot_428.png,3zx43,0
screenshot_429.png,nt7y74,0
screenshot_430.png,n75s84,0
screenshot_431.png,7rvaic,0
screenshot_432.png,9rv2,0
screenshot_433.png,ei9pr,0
screenshot_434.png,w5pm5w,0
screenshot_435.png,4d8y,0
screenshot_436.png,kihj7u,0
screenshot_437.png,mx25,0
screenshot_438.png,kdp88n,0
screenshot_439.png,ajzgb,0
screenshot_440.png,scj5r,0
screenshot_441.png,jabu,0
screenshot_442.png,5nb9,0
screenshot_443.png,2c7im,0
screenshot_444.png,g93a,0
screenshot_445.png,8ibh,0
screenshot_446.png,kxhrm,0
screenshot_447.png,c66p,0
screenshot_448.png,d4vk6,0
screenshot_449.png,tejtk8,0
screenshot_450.png,mk2f,0
screenshot_451.png,a6pn82,0
screenshot_452.png,wy6q3,0
screenshot_453.png,k9mm,0
screenshot_454.png,tj3kec,0
screenshot_455.png,axjd,0
screenshot_456.png,35dqne,0
screenshot_457.png,jx7j,0
screenshot_458.png,bdyyh,0
screenshot_459.png,k493b6,0
screenshot_460.png,2gdrt,0
screenshot_461.png,kiy9n4,0
screenshot_462.png,hkygm,0
screenshot_463.png,45nwct,0
screenshot_464.png,qzi7,0
screenshot_465.png,qtn54k,0
screenshot_466.png,8syzb,0
screenshot_467.png,3z99,0
screenshot_468.png,w94q,0
screenshot_469.png,34mzp,0
screenshot_470.png,ft6nv,0
screenshot_471.png,vivi,0
screenshot_472.png,hasach,0
screenshot_473.png,vskrpa,0
screenshot_474.png,eneaj3,0
screenshot_475.png,25wb5,0
screenshot_476.png,bngm7g,0
screenshot_477.png,v5isp,0
screenshot_478.png,xmkbm,0
screenshot_479.png,i99s6,0
screenshot_480.png,yzbrs7,0
screenshot_481.png,hyihyg,0
screenshot_482.png,hwk5p,0
screenshot_483.png,nyhmq,0
screenshot_484.png,v8rmy,0
screenshot_485.png,3m3d,0
screenshot_486.png,9nv2q,0
screenshot_487.png,5xsw4,0
screenshot_488.png,p42h2,0
screenshot_489.png,4ug6x,0
screenshot_490.png,6v44mm,0
screenshot_491.png,rkag,0
screenshot_492.png,engfc,0
screenshot_493.png,zae4,0
screenshot_494.png,giami,0
screenshot_495.png,2aewb,0
screenshot_496.png,fit8,0
screenshot_497.png,itdc7,0
screenshot_498.png,6t8f,0
screenshot_499.png,a8wcy6,0
screenshot_500.png,2bsg2,0
screenshot_501.png,9dy98m,0
screenshot_502.png,kp8c,0
screenshot_503.png,mv8y,0
screenshot_504.png,xu3yk,0
screenshot_505.png,zh3a,0
screenshot_506.png,3ek6u,0
screenshot_507.png,2hmr7,0
screenshot_508.png,xyse,0
screenshot_509.png,jwvbjd,0
screenshot_510.png,vb88,0
screenshot_511.png,43pf,0
screenshot_512.png,67sw2,0
screenshot_513.png,ikih,0
screenshot_514.png,cs6xy,0
screenshot_515.png,j4u2wp,0
screenshot_516.png,sz8cvv,0
screenshot_517.png,ukjwy,0
screenshot_518.png,63pq,0
screenshot_519.png,qur2,0
screenshot_520.png,7tg4,0
screenshot_521.png,p9jj74,0
screenshot_522.png,262p6v,0
screenshot_523.png,qztr,0
screenshot_524.png,h8x9c,0
screenshot_525.png,p3v8h,0
screenshot_526.png,f3niew,0
screenshot_527.png,3cuv3,0
screenshot_528.png,2h3vu,0
screenshot_529.png,6pwh,0
screenshot_530.png,szm8hi,0
screenshot_531.png,yrfwvt,0
screenshot_532.png,qieuv,0
screenshot_533.png,h9qr,0
screenshot_534.png,jwwepd,0
screenshot_535.png,5kwsy5,0
screenshot_536.png,mkdc,0
screenshot_537.png,8ves3i,0
screenshot_538.png,qnfi,0
screenshot_539.png,wdafd,0
screenshot_540.png,7kphnv,0
screenshot_541.png,bxurt,0
screenshot_542.png,ret67x,0
screenshot_543.png,r5p3,0
screenshot_544.png,suq5k3,0
screenshot_545.png,vzu2sw,0
screenshot_546.png,e39c,0
screenshot_547.png,5gmsn,0
screenshot_548.png,ed5kud,0
screenshot_549.png,377s9w,0
screenshot_550.png,cvsp,0
screenshot_551.png,qa5y,0
screenshot_552.png,ezm3u,0
screenshot_553.png,fead,0
screenshot_554.png,79dfg6,0
screenshot_555.png,t42ik,0
screenshot_556.png,gu6k,0
screenshot_557.png,pwb7d,0
screenshot_558.png,ugn247,0
screenshot_559.png,az2c,0
screenshot_560.png,rxsv,0
screenshot_561.png,jrpc,0
screenshot_562.png,7mgu,0
screenshot_563.png,qa8ykr,0
screenshot_564.png,sjy3,0
screenshot_565.png,6trd,0
screenshot_566.png,uhrx,0
screenshot_567.png,4f75a,0
screenshot_568.png,yxyt,0
screenshot_569.png,ptln2f,0
screenshot_570.png,6hs5sb,0
screenshot_571.png,vfufhn,0
screenshot_572.png,28xcj6,0
screenshot_573.png,g6kb3,0
screenshot_574.png,73hvf6,0
screenshot_575.png,78fp53,0
screenshot_576.png,i74y,0
screenshot_577.png,6e6x,0
screenshot_578.png,56y2zh,0
screenshot_579.png,cnahu,0
screenshot_580.png,cecidu,0
screenshot_581.png,5k3xn,0
screenshot_582.png,rhdk4,0
screenshot_583.png,g9tg,0
screenshot_584.png,vxyw9t,0
screenshot_585.png,xht2qt,0
screenshot_586.png,fdrc7b,0
screenshot_587.png,quxi,0
screenshot_588.png,rcjm,0
screenshot_589.png,6727y,0
screenshot_590.png,k2fn,0
screenshot_591.png,hq6tg8,0
screenshot_592.png,ebg28m,0
screenshot_593.png,8idzux,0
screenshot_594.png,a8bfsw,0
screenshot_595.png,u8nh,0
screenshot_596.png,2dbhnz,0
screenshot_597.png,prwdyw,0
screenshot_598.png,vj4iw6,0
screenshot_599.png,t3h5vp,0
screenshot_600.png,5k5pk,0
screenshot_601.png,kz7e,0
screenshot_602.png,8jy2iy,0
screenshot_603.png,pkcktx,0
screenshot_604.png,dgmg,0
screenshot_605.png,5urc7a,0
screenshot_606.png,9ffg,0
screenshot_607.png,nket56,0
screenshot_608.png,sd4eh,0
screenshot_609.png,mmg4p,0
screenshot_610.png,96fnzw,0
screenshot_611.png,xsaa2c,0
screenshot_612.png,g78v6,0
screenshot_613.png,mte99,0
screenshot_614.png,qaspeq,0
screenshot_615.png,f5ctwt,0
screenshot_616.png,wwgmz,0
screenshot_617.png,sgnqk,0
screenshot_618.png,wv2q,0
screenshot_619.png,j9zkv,0
screenshot_620.png,92ch,0
screenshot_621.png,5pv2h,0
screenshot_622.png,zr7qjq,0
screenshot_623.png,jn4iq4,0
screenshot_624.png,gegx,0
screenshot_625.png,an57b,0
screenshot_626.png,8xrr,0
screenshot_627.png,fg6rgg,0
screenshot_628.png,dk8db,0
screenshot_629.png,knura8,0
screenshot_630.png,c3jn,0
screenshot_631.png,t4psew,0
screenshot_632.png,sbd3m,0
screenshot_633.png,97rtr9,0
screenshot_634.png,v64xn,0
screenshot_635.png,t3idps,0
screenshot_636.png,jpcghe,0
screenshot_637.png,dwwtbd,0
screenshot_638.png,vnb27,0
screenshot_639.png,68ei,0
screenshot_640.png,snvb,0
screenshot_641.png,vxcp,0
screenshot_642.png,afz3,0
screenshot_643.png,h48i,0
screenshot_644.png,399q,0
screenshot_645.png,k2jmh,0
screenshot_646.png,3xb95b,0
screenshot_647.png,979b,0
screenshot_648.png,8taw,0
screenshot_649.png,qeni9,0
screenshot_650.png,fupk,0
screenshot_651.png,7jhw,0
screenshot_652.png,k2mjpw,0
screenshot_653.png,u3fyz,0
screenshot_654.png,gzwuww,0
screenshot_655.png,ckhc5,0
screenshot_656.png,ieb5,0
screenshot_657.png,wakti,0
screenshot_658.png,wpmb4w,0
screenshot_659.png,ykgrq,0
screenshot_660.png,anpb,0
screenshot_661.png,4za3d,0
screenshot_662.png,su6n6m,0
screenshot_663.png,kunma,0
screenshot_664.png,dn544v,0
screenshot_665.png,n8ubg7,0
screenshot_666.png,qxgk,0
screenshot_667.png,mjgc,0
screenshot_668.png,ncg9a,0
screenshot_669.png,5byk,0
screenshot_670.png,wd3q,0
screenshot_671.png,gz4hq,0
screenshot_672.png,gm892n,0
screenshot_673.png,8wbgni,0
screenshot_674.png,9nmsdu,0
screenshot_675.png,dyx49,0
screenshot_676.png,rurd,0
screenshot_677.png,z2zt,0
screenshot_678.png,wxvcjs,0
screenshot_679.png,ph5f,0
screenshot_680.png,nksqf7,0
screenshot_681.png,qkgp,0
screenshot_682.png,kg7qg3,0
screenshot_683.png,w5bsk,0
screenshot_684.png,wey9,0
screenshot_685.png,wr9cc,0
screenshot_686.png,fimdeh,0
screenshot_687.png,wpbne6,0
screenshot_688.png,xssdsi,0
screenshot_689.png,mnj7,0
screenshot_690.png,qpz78,0
screenshot_691.png,279e,0
screenshot_692.png,gaa4w,0
screenshot_693.png,vhfkq,0
screenshot_694.png,er6x8,0
screenshot_695.png,44rq9z,0
screenshot_696.png,kvgmnp,0
screenshot_697.png,phy2w3,0
screenshot_698.png,gsx2dh,0
screenshot_699.png,e45esi,0
screenshot_700.png,msiv,0
screenshot_701.png,6c5c6u,0
screenshot_702.png,9mtl,0
screenshot_703.png,p5ts,0
screenshot_704.png,mnkam,0
screenshot_705.png,bscfr,0
screenshot_706.png,89yh,0
screenshot_707.png,2nj8d,0
screenshot_708.png,p6mj,0
screenshot_709.png,8px7ew,0
screenshot_710.png,x7wg,0
screenshot_711.png,atuu,0
screenshot_712.png,as8k92,0
screenshot_713.png,whbjd8,0
screenshot_714.png,dkgsft,0
screenshot_715.png,yh3gkz,0
screenshot_716.png,5xt22m,0
screenshot_717.png,x9k2g,0
screenshot_718.png,z4ezvf,0
screenshot_719.png,nvkbr,0
screenshot_720.png,rpkvyq,0
screenshot_721.png,rk57,0
screenshot_722.png,jirmxy,0
screenshot_723.png,yke8,0
screenshot_724.png,jani5l,0
screenshot_725.png,kmsms,0
screenshot_726.png,ejnepn,0
screenshot_727.png,ahyisq,0
screenshot_728.png,sd8n,0
screenshot_729.png,b4fa,0
screenshot_730.png,qpt95,0
screenshot_731.png,ied9,0
screenshot_732.png,gzania,0
screenshot_733.png,y9v2kr,0
screenshot_734.png,q9pj6u,0
screenshot_735.png,97dtw6,0
screenshot_736.png,bnxbft,0
screenshot_737.png,rdtg59,0
screenshot_738.png,ebuv,0
screenshot_739.png,q28f,0
screenshot_740.png,98epqz,0
screenshot_741.png,6kvi,0
screenshot_742.png,5k5k45,0
screenshot_743.png,esmip,0
screenshot_744.png,skhw,0
screenshot_745.png,wrfs5h,0
screenshot_746.png,padhcr,0
screenshot_747.png,mt4z,0
screenshot_748.png,k4b9,0
screenshot_749.png,y4ua5,0
screenshot_750.png,crgtqz,0
screenshot_751.png,925tf,0
screenshot_752.png,u53q8,0
screenshot_753.png,6nwdb,0
screenshot_754.png,wh3i,0
screenshot_755.png,nhj3,0
screenshot_756.png,yjad5,0
screenshot_757.png,c824,0
screenshot_758.png,tn6eg,0
screenshot_759.png,dmr6r4,0
screenshot_760.png,twcgy,0
screenshot_761.png,9ybd,0
screenshot_762.png,v3h9z,0
screenshot_763.png,ajbuz,0
screenshot_764.png,h4qp,0
screenshot_765.png,cjdk2,0
screenshot_766.png,8w5p,0
screenshot_767.png,n8neim,0
screenshot_768.png,3s3pmm,0
screenshot_769.png,iz8vx3,0
screenshot_770.png,7spsun,0
screenshot_771.png,33iy,0
screenshot_772.png,7yzr4,0
screenshot_773.png,he3su,0
screenshot_774.png,ysrvf,0
screenshot_775.png,gzgdpd,0
screenshot_776.png,h2b7,0
screenshot_777.png,ydss,0
screenshot_778.png,dmfeg,0
screenshot_779.png,g4ni,0
screenshot_780.png,f3cy,0
screenshot_781.png,i3z6vy,0
screenshot_782.png,3fnn8,0
screenshot_783.png,2yp856,0
screenshot_784.png,4w4rne,0
screenshot_785.png,9hvts7,0
screenshot_786.png,2bjddu,0
screenshot_787.png,3h337,0
screenshot_788.png,6rajm3,0
screenshot_789.png,cgr4,0
screenshot_790.png,pdg4mf,0
screenshot_791.png,6mdu,0
screenshot_792.png,pufkf2,0
screenshot_793.png,3zbdg4,0
screenshot_794.png,kgskd6,0
screenshot_795.png,xi8ce,0
screenshot_796.png,aztp,0
screenshot_797.png,29h537,0
screenshot_798.png,mjfevr,0
screenshot_799.png,3aixy5,0
screenshot_800.png,qk5zy3,0
screenshot_801.png,htjdd,0
screenshot_802.png,clq,0
screenshot_803.png,suwngt,0
screenshot_804.png,r8ks9,0
screenshot_805.png,x5r7k8,0
screenshot_806.png,re78pg,0
screenshot_807.png,apyd,0
screenshot_808.png,8rued7,0
screenshot_809.png,irmbu5,0
screenshot_810.png,rqrua,0
screenshot_811.png,hz8p,0
screenshot_812.png,chihzx,0
screenshot_813.png,j575p,0
screenshot_814.png,qityz7,0
screenshot_815.png,cxwq,0
screenshot_816.png,uu75r,0
screenshot_817.png,xd6gu,0
screenshot_818.png,h8h9k,0
screenshot_819.png,i9gh,0
screenshot_820.png,r6meb,0
screenshot_821.png,jujtk,0
screenshot_822.png,ns7hh,0
screenshot_823.png,epwe,0
screenshot_824.png,rfury,0
screenshot_825.png,wayz9,0
screenshot_826.png,nrw8d,0
screenshot_827.png,8i7apu,0
screenshot_828.png,kdba,0
screenshot_829.png,5dyn,0
screenshot_830.png,cmyie3,0
screenshot_831.png,gendj,0
screenshot_832.png,n4bdpj,0
screenshot_833.png,esf63,0
screenshot_834.png,q3zmuc,0
screenshot_835.png,kbbv,0
screenshot_836.png,iqhcu,0
screenshot_837.png,4qpv7,0
screenshot_838.png,kjnmr,0
screenshot_839.png,7qrjxf,0
screenshot_840.png,9ivu,0
screenshot_841.png,amm7a,0
screenshot_842.png,255tu,0
screenshot_843.png,6uyhze,0
screenshot_844.png,f7swq2,0
screenshot_845.png,eprvh,0
screenshot_846.png,txuf,0
screenshot_847.png,vksx2p,0
screenshot_848.png,3x32h,0
screenshot_849.png,7cdw,0
screenshot_850.png,p7j6v,0
screenshot_851.png,bg7pn6,0
screenshot_852.png,2i3f,0
screenshot_853.png,7wc6kv,0
screenshot_854.png,bn5iv,0
screenshot_855.png,p74qa3,0
screenshot_856.png,caxu,0
screenshot_857.png,3vzk,0
screenshot_858.png,g7hnd,0
screenshot_859.png,9ds8g,0
screenshot_860.png,a3wfs6,0
screenshot_861.png,trkt2,0
screenshot_862.png,6a8s,0
screenshot_863.png,8pxdqu,0
screenshot_864.png,cqn9eq,0
screenshot_865.png,8rmg,0
screenshot_866.png,abg3,0
screenshot_867.png,6icx,0
screenshot_868.png,hxyk,0
screenshot_869.png,juvd,0
screenshot_870.png,7pse,0
screenshot_871.png,ztqca,0
screenshot_872.png,dbtyd8,0
screenshot_873.png,iqs8r4,0
screenshot_874.png,bfp6k8,0
screenshot_875.png,mzfupb,0
screenshot_876.png,7n8cwq,0
screenshot_877.png,2dr956,0
screenshot_878.png,d9p69a,0
screenshot_879.png,km88,0
screenshot_880.png,c9ky,0
screenshot_881.png,vdbrv,0
screenshot_882.png,ge3wg,0
screenshot_883.png,zdjr,0
screenshot_884.png,rtgyn2,0
screenshot_885.png,bcaq46,0
screenshot_886.png,9uhqx,0
screenshot_887.png,hbrci3,0
screenshot_888.png,2j5u8n,0
screenshot_889.png,dyyrd,0
screenshot_890.png,xh6ap4,0
screenshot_891.png,662k2,0
screenshot_892.png,3xzi,0
screenshot_893.png,htrpwi,0
screenshot_894.png,yzv4g2,0
screenshot_895.png,ttrjv,0
screenshot_896.png,x5v5,0
screenshot_897.png,7vrkg,0
screenshot_898.png,ckba,0
screenshot_899.png,2vvns4,0
screenshot_900.png,xtecx,0
screenshot_901.png,4jsg58,0
screenshot_902.png,3g6kjm,0
screenshot_903.png,gjwmbw,0
screenshot_904.png,cx3i,0
screenshot_905.png,gtfka,0
screenshot_906.png,xsusv,0
screenshot_907.png,cmv4,0
screenshot_908.png,uzpfun,0
screenshot_909.png,6gtej,0
screenshot_910.png,62yu,0
screenshot_911.png,h8n4wh,0
screenshot_912.png,2t6qx7,0
screenshot_913.png,y728,0
screenshot_914.png,kvgxg,0
screenshot_915.png,fiia,0
screenshot_916.png,dbkcp3,0
screenshot_917.png,sz4ca,0
screenshot_918.png,tknuu,0
screenshot_919.png,gabf,0
screenshot_920.png,en4q3,0
screenshot_921.png,lwb3,0
screenshot_922.png,tbqe,0
screenshot_923.png,z3nw3,0
screenshot_924.png,nn62u9,0
screenshot_925.png,9474,0
screenshot_926.png,ka66hy,0
screenshot_927.png,3yfcf,0
screenshot_928.png,66fex,0
screenshot_929.png,5qvt,0
screenshot_930.png,rt36y,0
screenshot_931.png,4xpk,0
screenshot_932.png,2fg26p,0
screenshot_933.png,mhjzs,0
screenshot_934.png,64mg,0
screenshot_936.png,7xxuj3,0
screenshot_937.png,7472dr,0
screenshot_938.png,7ydkw8,0
screenshot_939.png,5gte,0
screenshot_940.png,zb434,0
screenshot_941.png,fdpa,0
screenshot_942.png,rwg4fh,0
screenshot_943.png,bwx7z9,0
screenshot_944.png,5t42c,0
screenshot_945.png,ik8jv,0
screenshot_946.png,64yd,0
screenshot_947.png,4pur,0
screenshot_948.png,7tvg,0
screenshot_949.png,j7zqvn,0
screenshot_950.png,pdia48,0
screenshot_951.png,6azug,0
screenshot_952.png,92i9e,0
screenshot_953.png,46jb,0
screenshot_954.png,6s9k,0
screenshot_955.png,eiecc5,0
screenshot_956.png,bvyuby,0
screenshot_957.png,limusg,0
screenshot_958.png,k259c,0
screenshot_959.png,mtryr8,0
screenshot_960.png,aldbh5,0
screenshot_961.png,xet8,0
screenshot_962.png,ybe2ag,0
screenshot_963.png,udmwd,0
screenshot_964.png,wqzm6,0
screenshot_965.png,8sa33h,0
screenshot_966.png,nccb,0
screenshot_967.png,zfx5,0
screenshot_968.png,lq67,0
screenshot_969.png,7d6sa,0
screenshot_970.png,nssq,0
screenshot_971.png,6d6e,0
screenshot_972.png,48a8h,0
screenshot_973.png,n44cwh,0
screenshot_974.png,dkn6nx,0
screenshot_975.png,q7iz6,0
screenshot_976.png,yse5mq,0
screenshot_977.png,e47vr,0
screenshot_978.png,yngh,0
screenshot_979.png,5kzi,0
screenshot_980.png,vgvk,0
screenshot_981.png,6n79ej,0
screenshot_982.png,bu4d2,0
screenshot_983.png,ra38,0
screenshot_984.png,y3b2,0
screenshot_985.png,2t4r3y,0
screenshot_986.png,harrb,0
screenshot_987.png,rdi3ew,0
screenshot_988.png,dk46c,0
screenshot_989.png,22bq,0
screenshot_990.png,vhdr5,0
screenshot_991.png,iube,0
screenshot_992.png,tv8g4d,0
screenshot_993.png,ehaar,0
screenshot_994.png,vjr6d,0
screenshot_995.png,aqyhk,0
screenshot_996.png,3w3pwz,0
screenshot_997.png,s9twk,0
screenshot_998.png,jditk9,0
screenshot_999.png,k234z,0
screenshot_1000.png,amvp2t,0
screenshot_1001.png,2svf,0
screenshot_1002.png,e6vq,0
screenshot_1003.png,ge7g,0
screenshot_1004.png,h5ze,0
screenshot_1005.png,rdihw,0
screenshot_1006.png,msxjzv,0
screenshot_1007.png,dygf,0
screenshot_1008.png,fxcqo,0
screenshot_1009.png,befam,0
screenshot_1010.png,8upue,0
screenshot_1011.png,qjnnz,0
screenshot_1012.png,8kundn,0
screenshot_1013.png,hfetn5,0
screenshot_1014.png,8bqd8,0
screenshot_1015.png,fftd,0
screenshot_1016.png,zuszq,0
screenshot_1017.png,6nnzvv,0
screenshot_1018.png,j5rt3,0
screenshot_1019.png,df8kgm,0
screenshot_1020.png,ge7z7,0
screenshot_1021.png,7a4f,0
screenshot_1022.png,fviqc,0
screenshot_1023.png,3hix,0
screenshot_1024.png,yxiu,0
screenshot_1025.png,m7pf,0
screenshot_1026.png,6bdevs,0
screenshot_1027.png,s5h84h,0
screenshot_1028.png,aw7trx,0
screenshot_1029.png,hwaxx,0
screenshot_1030.png,nrct,0
screenshot_1031.png,pvy9,0
screenshot_1032.png,sed5e,0
screenshot_1033.png,cfnci,0
screenshot_1034.png,aepn,0
screenshot_1035.png,w63rvc,0
screenshot_1036.png,xzyu,0
screenshot_1037.png,y2mbg2,0
screenshot_1038.png,uupise,0
screenshot_1039.png,28ucxb,0
screenshot_1040.png,efbu5,0
screenshot_1041.png,3nuc,0
screenshot_1042.png,udpw4,0
screenshot_1043.png,s4h38x,0
screenshot_1044.png,xfhb2s,0
screenshot_1045.png,fe8j,0
screenshot_1046.png,m6dw9v,0
screenshot_1047.png,yz7i8e,0
screenshot_1048.png,8mr6ve,0
screenshot_1049.png,9azj,0
screenshot_1050.png,vtpbk,0
screenshot_1051.png,8ic3uv,0
screenshot_1052.png,7kh9,0
screenshot_1053.png,trqyd,0
screenshot_1054.png,zwdan,0
screenshot_1055.png,ndkbem,0
screenshot_1056.png,v3xp,0
screenshot_1057.png,cn2zwk,0
screenshot_1058.png,xvryqw,0
screenshot_1059.png,cqeau,0
screenshot_1060.png,a74vpc,0
screenshot_1061.png,743y4c,0
screenshot_1062.png,i65f,0
screenshot_1063.png,hatsi2,0
screenshot_1064.png,y89v,0
screenshot_1065.png,j5vcmb,0
screenshot_1066.png,3qny,0
screenshot_1067.png,rwa5,0
screenshot_1068.png,bb5u,0
screenshot_1069.png,fmkg,0
screenshot_1070.png,i9j8en,0
screenshot_1071.png,picjp5,0
screenshot_1072.png,szriey,0
screenshot_1073.png,qqze8,0
screenshot_1074.png,accaeb,0
screenshot_1075.png,8yd5yz,0
screenshot_1076.png,w4xiaa,0
screenshot_1077.png,yj7xjm,0
screenshot_1078.png,bmphr,0
screenshot_1079.png,nb92f3,0
screenshot_1080.png,gdpba,0
screenshot_1081.png,vwvq9,0
screenshot_1082.png,mzkccs,0
screenshot_1083.png,3xak92,0
screenshot_1084.png,9e9cmr,0
screenshot_1085.png,48vzz,0
screenshot_1086.png,f2bxwu,0
screenshot_1087.png,3pw9d,0
screenshot_1088.png,gcvuc,0
screenshot_1089.png,ay6ug5,0
screenshot_1090.png,8skks,0
screenshot_1091.png,7znf,0
screenshot_1092.png,qqhj2,0
screenshot_1093.png,5b7k,0
screenshot_1094.png,ihtbt,0
screenshot_1095.png,2ye92,0
screenshot_1096.png,b36c,0
screenshot_1097.png,t7kcu,0
screenshot_1098.png,p2avb3,0
screenshot_1099.png,at3mlt,0
screenshot_1100.png,tt3k,0
screenshot_1101.png,vbz4c,0
screenshot_1102.png,329jvm,0
screenshot_1103.png,c38i78,0
screenshot_1104.png,vgdr,0
screenshot_1105.png,vnj9q,0
screenshot_1106.png,u68taz,0
screenshot_1107.png,92fu,0
screenshot_1108.png,qazs,0
screenshot_1109.png,gndn,0
screenshot_1110.png,5rhqkx,0
screenshot_1111.png,93fnv,0
screenshot_1112.png,jfrqg,0
screenshot_1113.png,uyvqw,0
screenshot_1114.png,wu5g4,0
screenshot_1115.png,zh72a4,0
screenshot_1116.png,dv3gt,0
screenshot_1117.png,mu3u4s,0
screenshot_1118.png,7pz6j,0
screenshot_1119.png,mvrpc,0
screenshot_1120.png,n9f4v,0
screenshot_1121.png,xt54g,0
screenshot_1122.png,bsem4a,0
screenshot_1123.png,qmkwkc,0
screenshot_1124.png,ubj43,0
screenshot_1125.png,kfe9,0
screenshot_1126.png,52yhrw,0
screenshot_1127.png,59gbzx,0
screenshot_1128.png,nzaf,0
screenshot_1129.png,ysx63,0
screenshot_1130.png,t4q3,0
screenshot_1131.png,va8e,0
screenshot_1132.png,24t5,0
screenshot_1133.png,8n93wp,0
screenshot_1134.png,h9ahvz,0
screenshot_1135.png,zzrac,0
screenshot_1136.png,8esj,0
screenshot_1137.png,hwjg5p,0
screenshot_1138.png,rake,0
screenshot_1139.png,pyy8,0
screenshot_1140.png,2h657,0
screenshot_1141.png,qrx5d,0
screenshot_1142.png,tkpq4a,0
screenshot_1143.png,b3fwk,0
screenshot_1144.png,gesa,0
screenshot_1145.png,9e4k,0
screenshot_1146.png,q3yrm,0
screenshot_1147.png,2ndv7,0
screenshot_1148.png,24mtj,0
screenshot_1149.png,q873mt,0
screenshot_1150.png,mrcfz,0
screenshot_1151.png,8eh5m,0
screenshot_1152.png,ft7as2,0
screenshot_1153.png,7th46,0
screenshot_1154.png,dwqm,0
screenshot_1155.png,yiep,0
screenshot_1156.png,rwik7b,0
screenshot_1157.png,9sv7b2,0
screenshot_1158.png,mjctg,0
screenshot_1159.png,wsph,0
screenshot_1160.png,fqcw7,0
screenshot_1161.png,ii29,0
screenshot_1162.png,9nvc,0
screenshot_1163.png,d728z,0
screenshot_1164.png,bqddi,0
screenshot_1165.png,2sbz5m,0
screenshot_1166.png,98688,0
screenshot_1167.png,dxgbzj,0
screenshot_1168.png,p7er,0
screenshot_1169.png,4jiawg,0
screenshot_1170.png,7eq6dn,0
screenshot_1171.png,7z7bh,0
screenshot_1172.png,4ukidk,0
screenshot_1173.png,abws,0
screenshot_1174.png,2kpju,0
screenshot_1175.png,txnp23,0
screenshot_1176.png,yavrn,0
screenshot_1177.png,ui8s,0
screenshot_1178.png,xvfsd,0
screenshot_1179.png,tvjqg,0
screenshot_1180.png,6ae7,0
screenshot_1181.png,ingdbu,0
screenshot_1182.png,8nun,0
screenshot_1183.png,3xhdnn,0
screenshot_1184.png,5pxfm,0
screenshot_1185.png,8srxg,0
screenshot_1186.png,3t8i,0
screenshot_1187.png,y7ed9d,0
screenshot_1188.png,jbhfra,0
screenshot_1189.png,5fdgw,0
screenshot_1190.png,if2f,0
screenshot_1191.png,cip2tk,0
screenshot_1192.png,syuc6,0
screenshot_1193.png,zysgf,0
screenshot_1194.png,y7txxq,0
screenshot_1195.png,b2ge,0
screenshot_1196.png,pufin3,0
screenshot_1198.png,xupcxv,0
screenshot_1199.png,cz2efi,0
screenshot_1200.png,jays5,0
screenshot_1201.png,4wjei,0
screenshot_1202.png,ust5d,0
screenshot_1203.png,6azk,0
screenshot_1204.png,gqag7,0
screenshot_1205.png,r49rb6,0
screenshot_1206.png,gd2rb4,0
screenshot_1207.png,djuxu,0
screenshot_1208.png,mc9vf,0
screenshot_1209.png,pauvf,0
screenshot_1210.png,ai7eu3,0
screenshot_1211.png,4ukbn,0
screenshot_1212.png,b53zm8,0
screenshot_1213.png,jazw,0
screenshot_1214.png,6bvqxx,0
screenshot_1215.png,mhbm,0
screenshot_1216.png,5rsceb,0
screenshot_1217.png,9sqjc,0
screenshot_1218.png,z5vpu,0
screenshot_1219.png,65tf,0
screenshot_1220.png,2k4c,0
screenshot_1221.png,kc5k,0
screenshot_1222.png,j4s8,0
screenshot_1223.png,w87jc4,0
screenshot_1224.png,d9v35z,0
screenshot_1225.png,bnw4qf,0
screenshot_1226.png,3ja3w,0
screenshot_1227.png,w33nt,0
screenshot_1228.png,dlait7,0
screenshot_1229.png,7jqm,0
screenshot_1230.png,6xr5,0
screenshot_1231.png,fe3f3,0
screenshot_1232.png,m76ns,0
screenshot_1233.png,h73x,0
screenshot_1234.png,vn2zp,0
screenshot_1235.png,m2nv8,0
screenshot_1236.png,z7tw,0
screenshot_1237.png,y66v3t,0
screenshot_1238.png,2n8k,0
screenshot_1239.png,4qjq7,0
screenshot_1240.png,g75g49,0
screenshot_1241.png,rqu8md,0
screenshot_1242.png,bcley,0
screenshot_1243.png,ye5j8y,0
screenshot_1244.png,xvg6,0
screenshot_1245.png,2ch9,0
screenshot_1246.png,s6bf2,0
screenshot_1247.png,mimbns,0
screenshot_1248.png,r2wri,0
screenshot_1249.png,jada2,0
screenshot_1250.png,eerdyu,0
screenshot_1251.png,2uts,0
screenshot_1252.png,p75xf,0
screenshot_1253.png,jrmxkt,0
screenshot_1254.png,zxc,0
screenshot_1255.png,cy3xen,0
screenshot_1256.png,qwtuw,0
screenshot_1257.png,sgm5v,0
screenshot_1258.png,t2zjak,0
screenshot_1259.png,95skvy,0
screenshot_1260.png,jiyxj,0
screenshot_1261.png,3qggiw,0
screenshot_1262.png,p4icx,0
screenshot_1263.png,6yv6,0
screenshot_1264.png,kgnc,0
screenshot_1265.png,ybjv59,0
screenshot_1266.png,6tjrnj,0
screenshot_1267.png,mpey,0
screenshot_1268.png,fmygza,0
screenshot_1269.png,5yhcg4,0
screenshot_1270.png,ppr2,0
screenshot_1271.png,t9e4j,0
screenshot_1272.png,w68ra,0
screenshot_1273.png,rdz76,0
screenshot_1274.png,wgqiwv,0
screenshot_1275.png,m26z,0
screenshot_1276.png,84dk,0
screenshot_1277.png,vprjv,0
screenshot_1278.png,rk8c8,0
screenshot_1279.png,b9i4hm,0
screenshot_1280.png,34itk,0
screenshot_1281.png,p7g2zu,0
screenshot_1282.png,bk3t,0
screenshot_1283.png,ejmjvv,0
screenshot_1284.png,3amg3,0
screenshot_1285.png,2fcg,0
screenshot_1286.png,58gsv,0
screenshot_1287.png,rxj5,0
screenshot_1288.png,ib9n,0
screenshot_1289.png,3ftu28,0
screenshot_1290.png,mafv,0
screenshot_1291.png,hgg5uk,0
screenshot_1292.png,pm7t,0
screenshot_1293.png,b23ux,0
screenshot_1294.png,x8zb5x,0
screenshot_1295.png,jgdtf,0
screenshot_1296.png,nkbei,0
screenshot_1297.png,phed,0
screenshot_1298.png,viwfp,0
screenshot_1299.png,mcasvt,0
screenshot_1301.png,47mhks,0
screenshot_1302.png,x3dbw,0
screenshot_1303.png,jveasp,0
screenshot_1304.png,gpcx6,0
screenshot_1305.png,kzg6j,0
screenshot_1306.png,ktvp,0
screenshot_1307.png,zf8kb,0
screenshot_1308.png,wdehe,0
screenshot_1309.png,f64xzv,0
screenshot_1310.png,63w32,0
screenshot_1311.png,63ga,0
screenshot_1312.png,gjfj5b,0
screenshot_1313.png,tkg4r,0
screenshot_1314.png,h2zmvv,0
screenshot_1315.png,n684,0
screenshot_1316.png,rfgeea,0
screenshot_1317.png,3275t,0
screenshot_1318.png,cznul,0
screenshot_1319.png,z5dya,0
screenshot_1320.png,swv3pn,0
screenshot_1321.png,vzr6ge,0
screenshot_1322.png,p6yg,0
screenshot_1323.png,zcbeq,0
screenshot_1324.png,unr7,0
screenshot_1325.png,p7dd,0
screenshot_1326.png,sxhnd8,0
screenshot_1327.png,j7dx,0
screenshot_1328.png,bydase,0
screenshot_1329.png,tct742,0
screenshot_1330.png,6jxq,0
screenshot_1331.png,hgpn8f,0
screenshot_1332.png,gjurq,0
screenshot_1333.png,3pg5,0
screenshot_1334.png,jixky,0
screenshot_1335.png,zg3tt,0
screenshot_1336.png,ymw9i6,0
screenshot_1337.png,zx8ri,0
screenshot_1338.png,ashn9,0
screenshot_1339.png,s4s8,0
screenshot_1340.png,8vcf,0
screenshot_1341.png,sspruz,0
screenshot_1342.png,d57va,0
screenshot_1343.png,pp3f5z,0
screenshot_1344.png,46aq,0
screenshot_1345.png,d58z,0
screenshot_1346.png,2hwg,0
screenshot_1347.png,wquy,0
screenshot_1348.png,93g8c,0
screenshot_1349.png,t8t4hc,0
screenshot_1350.png,k33j4,0
screenshot_1351.png,db6vca,0
screenshot_1352.png,tmhe,0
screenshot_1353.png,5fkmts,0
screenshot_1354.png,pzzr,0
screenshot_1355.png,nqsc,0
screenshot_1356.png,8wvhpc,0
screenshot_1357.png,ruxp3,0
screenshot_1358.png,p9u5,0
screenshot_1359.png,5ts99,0
screenshot_1360.png,822d,0
screenshot_1361.png,xp3t,0
screenshot_1362.png,uefpq9,0
screenshot_1363.png,6278b,0
screenshot_1364.png,372fv,0
screenshot_1365.png,mrhvw6,0
screenshot_1366.png,h7gku,0
screenshot_1367.png,s8qp,0
screenshot_1368.png,iifft2,0
screenshot_1369.png,5iyc,0
screenshot_1370.png,393s,0
screenshot_1371.png,cvw8p8,0
screenshot_1372.png,yjajy,0
screenshot_1373.png,8z2u9q,0
screenshot_1374.png,tmw9zx,0
screenshot_1375.png,j8j,0
screenshot_1376.png,8avr4,0
screenshot_1377.png,stybes,0
screenshot_1378.png,6nn63e,0
screenshot_1379.png,fpkb,0
screenshot_1380.png,4sqpd,0
screenshot_1381.png,gsa5zq,0
screenshot_1382.png,b3vjk5,0
screenshot_1383.png,lxuxc,0
screenshot_1384.png,u5esb,0
screenshot_1385.png,q26tg,0
screenshot_1386.png,ztun,0
screenshot_1387.png,zvpgn,0
screenshot_1388.png,cpev,0
screenshot_1389.png,iisrw,0
screenshot_1390.png,g2ed,0
screenshot_1391.png,mzzz,0
screenshot_1392.png,kmup,0
screenshot_1393.png,gjwebq,0
screenshot_1394.png,iw34,0
screenshot_1395.png,h6re,0
screenshot_1396.png,8bctm,0
screenshot_1397.png,32x5y,0
screenshot_1398.png,rdp75b,0
screenshot_1399.png,h3n8w,0
screenshot_1400.png,ecsy7,0
screenshot_1401.png,x39ur2,0
screenshot_1402.png,yyyd,0
screenshot_1403.png,rbmwqj,0
screenshot_1404.png,7asiq,0
screenshot_1405.png,ab6r,0
screenshot_1406.png,piiay,0
screenshot_1407.png,79qk6s,0
screenshot_1408.png,cr3e,0
screenshot_1409.png,rm4w69,0
screenshot_1410.png,7z4ag,0
screenshot_1411.png,k936i,0
screenshot_1412.png,2pi3j,0
screenshot_1413.png,atxxi6,0
screenshot_1414.png,beqimw,0
screenshot_1415.png,22r77,0
screenshot_1416.png,8q35f7,0
screenshot_1417.png,bq39i3,0
screenshot_1418.png,s9yqw,0
screenshot_1419.png,fddv7d,0
screenshot_1420.png,j75m,0
screenshot_1421.png,e3v2,0
screenshot_1422.png,hh74,0
screenshot_1423.png,tu5h,0
screenshot_1424.png,vhe5c,0
screenshot_1425.png,iqg42h,0
screenshot_1426.png,nyyi,0
screenshot_1427.png,grfg,0
screenshot_1428.png,wx7ir5,0
screenshot_1429.png,jkwh,0
screenshot_1430.png,l6rjd,0
screenshot_1431.png,bfq2,0
screenshot_1432.png,3ij4,0
screenshot_1433.png,yakr,0
screenshot_1434.png,psiv,0
screenshot_1435.png,he32,0
screenshot_1436.png,snjte,0
screenshot_1437.png,5z6m,0
screenshot_1438.png,nsp8d,0
screenshot_1439.png,fegwmw,0
screenshot_1440.png,gnn6,0
screenshot_1441.png,7vmqe,0
screenshot_1442.png,x96h,0
screenshot_1443.png,2gi5w,0
screenshot_1444.png,cgme7t,0
screenshot_1445.png,uxh6a,0
screenshot_1446.png,83uzk,0
screenshot_1447.png,rng64d,0
screenshot_1448.png,mwcp33,0
screenshot_1449.png,vgfj,0
screenshot_1450.png,qvz5y,0
screenshot_1451.png,d5gw,0
screenshot_1452.png,pz5s,0
screenshot_1453.png,4yn2,0
screenshot_1454.png,bzgv,0
screenshot_1455.png,xcev29,0
screenshot_1456.png,lw48r,0
screenshot_1457.png,rhzh,0
screenshot_1458.png,78eij,0
screenshot_1459.png,rzu6,0
screenshot_1460.png,9u8vdn,0
screenshot_1461.png,t73qx,0
screenshot_1462.png,8u8f5,0
screenshot_1463.png,ssi8,0
screenshot_1464.png,9uduk3,0
screenshot_1465.png,j6kd2,0
screenshot_1466.png,8a8m,0
screenshot_1467.png,zvte9f,0
screenshot_1468.png,5e4r59,0
screenshot_1469.png,z57p,0
screenshot_1470.png,bsded,0
screenshot_1471.png,ga3k,0
screenshot_1472.png,8mid2,0
screenshot_1473.png,hcwx2x,0
screenshot_1474.png,39wtr2,0
screenshot_1475.png,6ghms,0
screenshot_1476.png,kxx5,0
screenshot_1477.png,paw9h,0
screenshot_1478.png,emaam,0
screenshot_1479.png,i5nx65,0
screenshot_1480.png,g6zb8,0
screenshot_1481.png,uqk3rp,0
screenshot_1482.png,x4hj78,0
screenshot_1483.png,m4v6ti,0
screenshot_1484.png,vgvqv3,0
screenshot_1485.png,dratm,0
screenshot_1486.png,k2qv9,0
screenshot_1487.png,dcixx,0
screenshot_1488.png,r78xy,0
screenshot_1489.png,ktxs,0
screenshot_1490.png,6732,0
screenshot_1491.png,bgy8y4,0
screenshot_1492.png,wvqh2,0
screenshot_1493.png,fruz6,0
screenshot_1494.png,x8n7,0
screenshot_1495.png,9fjx,0
screenshot_1496.png,eyt6,0
screenshot_1497.png,rtig,0
screenshot_1498.png,wdcd6q,0
screenshot_1499.png,yeun3,0
screenshot_1500.png,jnum,0
screenshot_1501.png,nu93,0
screenshot_1502.png,bxiw,0
screenshot_1503.png,pigp3i,0
screenshot_1504.png,azrwwe,0
screenshot_1505.png,iqdsk,0
screenshot_1506.png,gzifq,0
screenshot_1507.png,i4ushu,0
screenshot_1508.png,gfkp,0
screenshot_1509.png,xbest,0
screenshot_1510.png,uaq7,0
screenshot_1511.png,keuf6q,0
screenshot_1512.png,uvcx,0
screenshot_1513.png,rtqzqp,0
screenshot_1514.png,ire6r4,0
screenshot_1515.png,j3pnk,0
screenshot_1516.png,58ehw,0
screenshot_1517.png,vpzf,0
screenshot_1518.png,63fddt,0
screenshot_1519.png,vz9ghy,0
screenshot_1520.png,xmaj,0
screenshot_1521.png,4j64jf,0
screenshot_1522.png,rggxny,0
screenshot_1523.png,4rq55,0
screenshot_1524.png,t5erdc,0
screenshot_1525.png,ndbm,0
screenshot_1526.png,yu4b6x,0
screenshot_1527.png,gnshr,0
screenshot_1528.png,6pnmb3,0
screenshot_1529.png,j4awf9,0
screenshot_1530.png,w96w,0
screenshot_1531.png,nf3qgr,0
screenshot_1532.png,5gc3f,0
screenshot_1533.png,3xsv,0
screenshot_1534.png,z56ez,0
screenshot_1535.png,pddtz,0
screenshot_1536.png,zyai8,0
screenshot_1537.png,33fpv,0
screenshot_1538.png,e5qp8s,0
screenshot_1539.png,adyyb7,0
screenshot_1540.png,cyk3h,0
screenshot_1541.png,5ypq,0
screenshot_1542.png,aawyy8,0
screenshot_1543.png,3xbked,0
screenshot_1544.png,gxjkt,0
screenshot_1545.png,2pveb,0
screenshot_1546.png,q3ss2y,0
screenshot_1547.png,qmhk3a,0
screenshot_1548.png,wnhjg,0
screenshot_1549.png,ywu6k,0
screenshot_1550.png,3bvyjy,0
screenshot_1551.png,p54v,0
screenshot_1552.png,f3is,0
screenshot_1553.png,sjqep,0
screenshot_1554.png,7uwh9i,0
screenshot_1555.png,bkusd8,0
screenshot_1556.png,kb7if,0
screenshot_1557.png,rvyb,0
screenshot_1558.png,gsbtk,0
screenshot_1559.png,u26k,0
screenshot_1560.png,247bd,0
screenshot_1561.png,8byg,0
screenshot_1562.png,rs52xq,0
screenshot_1563.png,7d6sk,0
screenshot_1564.png,h2bz,0
screenshot_1565.png,shnx,0
screenshot_1566.png,bkep,0
screenshot_1567.png,suhv,0
screenshot_1568.png,dmvpx7,0
screenshot_1569.png,ns86kf,0
screenshot_1570.png,3uct,0
screenshot_1571.png,ga8szz,0
screenshot_1572.png,kujjix,0
screenshot_1573.png,zpj9,0
screenshot_1574.png,5iqiba,0
screenshot_1575.png,33gil,0
screenshot_1576.png,67af,0
screenshot_1577.png,m5d7,0
screenshot_1578.png,tqveui,0
screenshot_1579.png,ng76zm,0
screenshot_1580.png,curbfg,0
screenshot_1581.png,sdwd4,0
screenshot_1582.png,j3vipq,0
screenshot_1583.png,ub6yw,0
screenshot_1584.png,mcwt,0
screenshot_1585.png,eg6my,0
screenshot_1586.png,r4ta9,0
screenshot_1587.png,uxrjb,0
screenshot_1588.png,qcq9p,0
screenshot_1589.png,trht4m,0
screenshot_1590.png,tvjnyu,0
screenshot_1591.png,h7x6,0
screenshot_1592.png,e9k98h,0
screenshot_1594.png,kjwm7,0
screenshot_1595.png,fmv98j,0
screenshot_1596.png,6xu3,0
screenshot_1597.png,d7avq,0
screenshot_1598.png,r7ga,0
screenshot_1599.png,bkeu,0
screenshot_1600.png,ard4,0
screenshot_1601.png,nirai,0
screenshot_1602.png,s4tsm,0
screenshot_1603.png,jnqbp,0
screenshot_1604.png,s2stqt,0
screenshot_1605.png,ifkbf2,0
screenshot_1606.png,upipas,0
screenshot_1607.png,n2zt,0
screenshot_1608.png,q5dbhk,0
screenshot_1609.png,5n2r7n,0
screenshot_1610.png,a2qrp,0
screenshot_1611.png,iqcvru,0
screenshot_1612.png,agkk,0
screenshot_1613.png,ishr,0
screenshot_1614.png,fbvv7n,0
screenshot_1615.png,8bhrf,0
screenshot_1616.png,gqa7tt,0
screenshot_1617.png,s8gks,0
screenshot_1618.png,uk7un8,0
screenshot_1620.png,fgbyd6,0
screenshot_1621.png,7h64d,0
screenshot_1622.png,cspg,0
screenshot_1623.png,ni3z8,0
screenshot_1624.png,yc4i9,0
screenshot_1625.png,uiyinq,0
screenshot_1626.png,gbeh,0
screenshot_1627.png,xeurwb,0
screenshot_1628.png,4ws8,0
screenshot_1629.png,kjx86,0
screenshot_1630.png,gk3az,0
screenshot_1631.png,xwqd,0
screenshot_1632.png,f4w6hg,0
screenshot_1633.png,85rxu,0
screenshot_1634.png,py4zr,0
screenshot_1635.png,jngr,0
screenshot_1636.png,2u2a24,0
screenshot_1637.png,7smwd,0
screenshot_1638.png,gkbwde,0
screenshot_1639.png,sgz5,0
screenshot_1640.png,k38p,0
screenshot_1641.png,69ruq,0
screenshot_1642.png,84pnjh,0
screenshot_1643.png,rmt86w,0
screenshot_1644.png,x2sj94,0
screenshot_1645.png,f53hf,0
screenshot_1646.png,arzp,0
screenshot_1647.png,mq7v6e,0
screenshot_1648.png,qcitb,0
screenshot_1649.png,btky,0
screenshot_1650.png,8p9a,0
screenshot_1651.png,k7st5e,0
screenshot_1652.png,f7a75,0
screenshot_1653.png,i6sjs8,0
screenshot_1654.png,p7jr6e,0
screenshot_1655.png,q6ibi,0
screenshot_1656.png,v96t4,0
screenshot_1657.png,25cd,0
screenshot_1658.png,qhkf7,0
screenshot_1659.png,j7nc,0
screenshot_1660.png,id7n,0
screenshot_1661.png,u9z9h,0
screenshot_1662.png,jr7g,0
screenshot_1663.png,vkiy,0
screenshot_1664.png,pwyyax,0
screenshot_1665.png,5kgi2,0
screenshot_1666.png,u4tg,0
screenshot_1667.png,x35wn,0
screenshot_1668.png,egjc84,0
screenshot_1669.png,j72r,0
screenshot_1670.png,pwjz,0
screenshot_1671.png,9nv6n,0
screenshot_1672.png,9cabt9,0
screenshot_1673.png,gdiy,0
screenshot_1674.png,hs9gi,0
screenshot_1675.png,6rwn,0
screenshot_1676.png,yt7pp7,0
screenshot_1677.png,b3ip,0
screenshot_1678.png,5ygj,0
screenshot_1679.png,emqh,0
screenshot_1680.png,y594uy,0
screenshot_1681.png,pq55f7,0
screenshot_1682.png,gzvx6,0
screenshot_1683.png,2n272m,0
screenshot_1684.png,evyxzi,0
screenshot_1685.png,hcsf,0
screenshot_1686.png,mtteg,0
screenshot_1687.png,9jhz,0
screenshot_1688.png,bkwfbv,0
screenshot_1689.png,otf3,0
screenshot_1690.png,zyys,0
screenshot_1691.png,iqmwh,0
screenshot_1692.png,yipnj2,0
screenshot_1693.png,8bfcw,0
screenshot_1694.png,z4z2,0
screenshot_1695.png,dr3id,0
screenshot_1696.png,uu9xyq,0
screenshot_1697.png,y3zff,0
screenshot_1698.png,wagpbg,0
screenshot_1699.png,92aj,0
screenshot_1700.png,n2gp9,0
screenshot_1701.png,ngp4,0
screenshot_1702.png,bqsc,0
screenshot_1703.png,pksqf,0
screenshot_1704.png,2aj5,0
screenshot_1705.png,zvdtgw,0
screenshot_1706.png,3if7,0
screenshot_1707.png,wnjn,0
screenshot_1708.png,r242mc,0
screenshot_1709.png,g39u,0
screenshot_1710.png,m75s8,0
screenshot_1711.png,9b6nn,0
screenshot_1712.png,ynqz,0
screenshot_1713.png,qyvsq,0
screenshot_1714.png,ry6p8,0
screenshot_1715.png,inuh,0
screenshot_1716.png,f24cgb,0
screenshot_1717.png,zj3k,0
screenshot_1718.png,r6st,0
screenshot_1719.png,aeha,0
screenshot_1720.png,aphzp,0
screenshot_1721.png,gxcssh,0
screenshot_1722.png,tmk5,0
screenshot_1723.png,sge2me,0
screenshot_1724.png,ftrm7,0
screenshot_1725.png,q38ykv,0
screenshot_1726.png,3pgb3m,0
screenshot_1727.png,zcxmbv,0
screenshot_1728.png,437w,0
screenshot_1729.png,zr54x,0
screenshot_1730.png,6frb,0
screenshot_1731.png,i7gtq,0
screenshot_1732.png,nwk9mu,0
screenshot_1733.png,p97vyu,0
screenshot_1734.png,gczut,0
screenshot_1735.png,sc3r2v,0
screenshot_1736.png,7eafr,0
screenshot_1737.png,jk3dii,0
screenshot_1738.png,6bswd,0
screenshot_1739.png,n2xj,0
screenshot_1740.png,ytk58i,0
screenshot_1741.png,zu6ips,0
screenshot_1742.png,zefg,0
screenshot_1743.png,jkzt,0
screenshot_1744.png,8iwj27,0
screenshot_1745.png,ighakx,0
screenshot_1746.png,q28d,0
screenshot_1747.png,hqsmg,0
screenshot_1748.png,969ya,0
screenshot_1749.png,ikcz3,0
screenshot_1750.png,nfdb33,0
screenshot_1751.png,ijr72e,0
screenshot_1752.png,bfwqep,0
screenshot_1753.png,vir22j,0
screenshot_1754.png,bvpnu,0
screenshot_1755.png,vbas3,0
screenshot_1756.png,uqvng5,0
screenshot_1757.png,ngrz,0
screenshot_1758.png,g6y9,0
screenshot_1759.png,uam23e,0
screenshot_1760.png,y9zni,0
screenshot_1761.png,s8yhjs,0
screenshot_1762.png,yibkg9,0
screenshot_1763.png,x2ry,0
screenshot_1764.png,fey3,0
screenshot_1765.png,cpvqck,0
screenshot_1766.png,nri2rs,0
screenshot_1767.png,a9q7u,0
screenshot_1768.png,p2sk,0
screenshot_1769.png,7p8yc,0
screenshot_1770.png,uj3zr,0
screenshot_1771.png,t5ww6,0
screenshot_1772.png,shcvim,0
screenshot_1773.png,mjzj2,0
screenshot_1774.png,92uqgw,0
screenshot_1775.png,uz92w,0
screenshot_1776.png,d536x,0
screenshot_1777.png,4vv43p,0
screenshot_1778.png,sav6rc,0
screenshot_1779.png,wdaf5u,0
screenshot_1780.png,xk7ra,0
screenshot_1781.png,sgj6f,0
screenshot_1782.png,z67e,0
screenshot_1783.png,4jci,0
screenshot_1784.png,afu3ni,0
screenshot_1785.png,fkvp,0
screenshot_1786.png,n7ik7,0
screenshot_1787.png,pdst,0
screenshot_1788.png,hs6b,0
screenshot_1789.png,xpxf6,0
screenshot_1790.png,tr58pv,0
screenshot_1791.png,tnce,0
screenshot_1792.png,gifvd,0
screenshot_1793.png,ba6qpw,0
screenshot_1794.png,na7de,0
screenshot_1795.png,46efqp,0
screenshot_1796.png,33da4,0
screenshot_1797.png,hupnnn,0
screenshot_1798.png,y2wjc,0
screenshot_1799.png,xgb8sw,0
screenshot_1800.png,ww4s8,0
screenshot_1801.png,mwx443,0
screenshot_1802.png,6nndk,0
screenshot_1803.png,krid,0
screenshot_1804.png,nrm6bt,0
screenshot_1805.png,dprz,0
screenshot_1806.png,b6ih,0
screenshot_1807.png,u8vz,0
screenshot_1808.png,b766c,0
screenshot_1809.png,hff6,0
screenshot_1810.png,wn6s,0
screenshot_1811.png,caere,0
screenshot_1812.png,8pjz,0
screenshot_1813.png,ijjrjr,0
screenshot_1814.png,9ekk,0
screenshot_1815.png,fvtsxz,0
screenshot_1816.png,bh5ni,0
screenshot_1817.png,ybiysx,0
screenshot_1818.png,3zui,0
screenshot_1819.png,chj6t,0
screenshot_1820.png,pa9eff,0
screenshot_1821.png,3d52yh,0
screenshot_1822.png,i5dg,0
screenshot_1823.png,7bpii2,0
screenshot_1824.png,7e2ic,0
screenshot_1825.png,43ngp,0
screenshot_1826.png,a3evq,0
screenshot_1827.png,7tzwb,0
screenshot_1828.png,sf6s,0
screenshot_1829.png,y5g9f,0
screenshot_1830.png,9dbju,0
screenshot_1831.png,ttzarb,0
screenshot_1832.png,x9shm,0
screenshot_1833.png,i2dz,0
screenshot_1834.png,348ww,0
screenshot_1835.png,j6gfz,0
screenshot_1836.png,qf4ch,0
screenshot_1837.png,ezzg,0
screenshot_1838.png,w7wx6w,0
screenshot_1839.png,qqtyw2,0
screenshot_1840.png,nznxt,0
screenshot_1841.png,fdnw,0
screenshot_1842.png,fh2kh,0
screenshot_1843.png,7rkv2,0
screenshot_1844.png,5hff,0
screenshot_1845.png,xedr4p,0
screenshot_1846.png,mr35w,0
screenshot_1847.png,g2zhlq,0
screenshot_1848.png,fvwty5,0
screenshot_1849.png,wuva,0
screenshot_1850.png,uemnt9,0
screenshot_1851.png,tmpb4u,0
screenshot_1852.png,qaejaa,0
screenshot_1853.png,kc9pj,0
screenshot_1854.png,p6gyk2,0
screenshot_1855.png,biqwu,0
screenshot_1856.png,ndq6,0
screenshot_1857.png,n2yt3i,0
screenshot_1858.png,mzbyu,0
screenshot_1859.png,ueqa5,0
screenshot_1860.png,wt3tn,0
screenshot_1861.png,pyfpy,0
screenshot_1862.png,v4bcm,0
screenshot_1863.png,tgejqn,0
screenshot_1864.png,9gap,0
screenshot_1865.png,7sn4,0
screenshot_1866.png,76jjzk,0
screenshot_1867.png,6muw8,0
screenshot_1868.png,qn5i,0
screenshot_1869.png,2gvzx,0
screenshot_1870.png,s4hd,0
screenshot_1871.png,qmepc2,0
screenshot_1872.png,k677zc,0
screenshot_1873.png,q4xn,0
screenshot_1874.png,evzmmg,0
screenshot_1875.png,fx32ag,0
screenshot_1876.png,i9md,0
screenshot_1877.png,wmn7gq,0
screenshot_1878.png,mtrd,0
screenshot_1879.png,3b4yhc,0
screenshot_1880.png,gaezxy,0
screenshot_1881.png,32j2,0
screenshot_1882.png,32wnfh,0
screenshot_1883.png,ymct,0
screenshot_1884.png,v2m9d,0
screenshot_1885.png,e8npu,0
screenshot_1886.png,s3mts,0
screenshot_1887.png,gsxu4,0
screenshot_1888.png,2qj8,0
screenshot_1889.png,miisy,0
screenshot_1890.png,rsz5k,0
screenshot_1891.png,zyhffk,0
screenshot_1892.png,8cq4xf,0
screenshot_1893.png,bavzz,0
screenshot_1894.png,wni7w9,0
screenshot_1895.png,vqwg,0
screenshot_1896.png,ps46,0
screenshot_1897.png,ig2h6d,0
screenshot_1898.png,htuhj9,0
screenshot_1899.png,74fcw,0
screenshot_1900.png,hixc,0
screenshot_1901.png,wurem,0
screenshot_1902.png,h23t,0
screenshot_1903.png,dtjaa,0
screenshot_1904.png,akib,0
screenshot_1905.png,a8e2k,0
screenshot_1906.png,dbz3,0
screenshot_1907.png,6kycsg,0
screenshot_1908.png,3awhsf,0
screenshot_1909.png,rsc3,0
screenshot_1910.png,dpgb7,0
screenshot_1911.png,psyd,0
screenshot_1912.png,43uvg6,0
screenshot_1913.png,6q2hhp,0
screenshot_1914.png,vwyk,0
screenshot_1915.png,32rw,0
screenshot_1916.png,xx9dg,0
screenshot_1917.png,smjv,0
screenshot_1918.png,5bnrgz,0
screenshot_1919.png,acg8d,0
screenshot_1920.png,5kept,0
screenshot_1921.png,wthe,0
screenshot_1922.png,es4kp,0
screenshot_1923.png,uerqm,0
screenshot_1924.png,uadx,0
screenshot_1925.png,93yit,0
screenshot_1926.png,8cy6,0
screenshot_1927.png,3yt6x8,0
screenshot_1928.png,ks74qg,0
screenshot_1929.png,fn7s3q,0
screenshot_1930.png,z6e7,0
screenshot_1931.png,8qpzh,0
screenshot_1932.png,myuk,0
screenshot_1933.png,svb4,0
screenshot_1934.png,4z4d5,0
screenshot_1935.png,dhv7,0
screenshot_1936.png,byiww6,0
screenshot_1937.png,36z22i,0
screenshot_1938.png,8tu5,0
screenshot_1939.png,ru2mh,0
screenshot_1940.png,dp7x,0
screenshot_1941.png,xv3rm,0
screenshot_1942.png,s97bd,0
screenshot_1943.png,gmqusy,0
screenshot_1944.png,hwj7g,0
screenshot_1945.png,uq9tt,0
screenshot_1946.png,xsxmm,0
screenshot_1947.png,6u2met,0
screenshot_1948.png,d9p82y,0
screenshot_1949.png,j5c47y,0
screenshot_1950.png,djjpd9,0
screenshot_1951.png,wa8vf,0
screenshot_1952.png,baqk,0
screenshot_1953.png,ewzm,0
screenshot_1954.png,465w,0
screenshot_1955.png,rnu4f,0
screenshot_1956.png,y2hxzd,0
screenshot_1957.png,3h75f,0
screenshot_1958.png,z886s,0
screenshot_1959.png,nurw7d,0
screenshot_1960.png,tmj7,0
screenshot_1961.png,3869e,0
screenshot_1962.png,5558h8,0
screenshot_1963.png,7adf,0
screenshot_1964.png,vr2g8,0
screenshot_1965.png,hypr62,0
screenshot_1966.png,4pbug,0
screenshot_1967.png,qzkr,0
screenshot_1968.png,cjpsq,0
screenshot_1969.png,u6jkbz,0
screenshot_1970.png,ph7w,0
screenshot_1971.png,94kg2n,0
screenshot_1972.png,mwh4kk,0
screenshot_1973.png,qjnqu,0
screenshot_1974.png,55hs,0
screenshot_1975.png,ucv8v2,0
screenshot_1976.png,9ha2gn,0
screenshot_1977.png,x3v3,0
screenshot_1978.png,vrzuh,0
screenshot_1979.png,sd496d,0
screenshot_1980.png,m6jhpx,0
screenshot_1981.png,6nk7,0
screenshot_1982.png,7ru5f,0
screenshot_1983.png,jvde,0
screenshot_1984.png,ncih,0
screenshot_1985.png,2wrq4j,0
screenshot_1986.png,nd89u,0
screenshot_1987.png,e26vd,0
screenshot_1988.png,ideyx7,0
screenshot_1989.png,b58r6v,0
screenshot_1990.png,ts9ssq,0
screenshot_1991.png,pugjy,0
screenshot_1992.png,j4vdrp,0
screenshot_1993.png,k57e3t,0
screenshot_1994.png,fiixf,0
screenshot_1995.png,mjjs9,0
screenshot_1996.png,hp34qe,0
screenshot_1997.png,85ruy3,0
screenshot_1998.png,44m6,0
screenshot_1999.png,mpnz,0
screenshot_2000.png,zvtxz,0
screenshot_2001.png,79g7gr,0
screenshot_2002.png,qbqeyi,0
screenshot_2003.png,tnjk,0
screenshot_2004.png,6aw9vh,0
screenshot_2005.png,a5mwjw,0
screenshot_2006.png,4x5hdz,0
screenshot_2007.png,n8vd,0
screenshot_2008.png,2njm,0
screenshot_2009.png,6rjh34,0
screenshot_2010.png,j4wra6,0
screenshot_2011.png,kjiz3,0
screenshot_2012.png,vmy4,0
screenshot_2013.png,kcys,0
screenshot_2014.png,nh7x,0
screenshot_2015.png,mnn5s,0
screenshot_2016.png,2264n,0
screenshot_2017.png,kes9,0
screenshot_2018.png,vk6tt,0
screenshot_2019.png,rnqeb,0
screenshot_2020.png,e59c,0
screenshot_2021.png,6w8iv,0
screenshot_2022.png,9us4i,0
screenshot_2023.png,qyvfw9,0
screenshot_2024.png,2usb,0
screenshot_2025.png,3mdzu,0
screenshot_2026.png,xuqh,0
screenshot_2027.png,ptjdii,0
screenshot_2028.png,ddcng,0
screenshot_2029.png,icvt22,0
screenshot_2030.png,kqkifq,0
screenshot_2031.png,bca5dz,0
screenshot_2032.png,pbkrg,0
screenshot_2033.png,rjkq,0
screenshot_2034.png,pg3kr6,0
screenshot_2035.png,r9tj3,0
screenshot_2036.png,hnyz,0
screenshot_2037.png,a6ffh,0
screenshot_2038.png,95me,0
screenshot_2039.png,8wae,0
screenshot_2040.png,rsdei,0
screenshot_2041.png,abi7,0
screenshot_2042.png,u3hp,0
screenshot_2043.png,x9bnhn,0
screenshot_2044.png,zpz6,0
screenshot_2045.png,huit,0
screenshot_2046.png,6c5s,0
screenshot_2047.png,3zazp,0
screenshot_2048.png,p9yn,0
screenshot_2049.png,t9jwnl,0
screenshot_2050.png,xxhzw,0
screenshot_2051.png,6p4a,0
screenshot_2052.png,78dhp,0
screenshot_2053.png,6xx9,0
screenshot_2054.png,34pr,0
screenshot_2055.png,sdev,0
screenshot_2056.png,cd46,0
screenshot_2057.png,nw6r,0
screenshot_2058.png,64se,0
screenshot_2059.png,bfnnyt,0
screenshot_2060.png,x9frff,0
screenshot_2061.png,pb4jx,0
screenshot_2062.png,ft3u,0
screenshot_2063.png,8eue2g,0
screenshot_2064.png,sztngk,0
screenshot_2065.png,gcxfj,0
screenshot_2066.png,2eeg,0
screenshot_2067.png,92cvss,0
screenshot_2068.png,c626,0
screenshot_2069.png,pzbr,0
screenshot_2070.png,7npg7,0
screenshot_2071.png,fpntrd,0
screenshot_2072.png,t2pq,0
screenshot_2073.png,ljm3n,0
screenshot_2074.png,qivs,0
screenshot_2075.png,7i4a,0
screenshot_2076.png,qmdmpf,0
screenshot_2077.png,kh7pk,0
screenshot_2078.png,2fq8,0
screenshot_2079.png,dmfv,0
screenshot_2080.png,ssm2,0
screenshot_2081.png,hqa8ix,0
screenshot_2082.png,yebq,0
screenshot_2083.png,dare,0
screenshot_2084.png,yw6v,0
screenshot_2085.png,8sija,0
screenshot_2086.png,pewnw4,0
screenshot_2087.png,bt5eqt,0
screenshot_2088.png,dpzp,0
screenshot_2089.png,gj32in,0
screenshot_2090.png,xex3q,0
screenshot_2091.png,tnty7t,0
screenshot_2092.png,efkpeu,0
screenshot_2093.png,9yiqsu,0
screenshot_2094.png,zqzawq,0
screenshot_2095.png,rcdkdz,0
screenshot_2096.png,68tm,0
screenshot_2097.png,b6q7,0
screenshot_2098.png,hxg3p,0
screenshot_2099.png,ztpgi,0
screenshot_2100.png,cym8,0
screenshot_2101.png,4tp2d,0
screenshot_2102.png,w8352,0
screenshot_2103.png,4k6u,0
screenshot_2104.png,m6gzwt,0
screenshot_2105.png,ny52v,0
screenshot_2106.png,wdg95f,0
screenshot_2107.png,2aif,0
screenshot_2108.png,esty,0
screenshot_2109.png,357ydy,0
screenshot_2110.png,q3zz,0
screenshot_2111.png,raxfrm,0
screenshot_2112.png,js58w3,0
screenshot_2113.png,zfkiin,0
screenshot_2114.png,fpfxai,0
screenshot_2115.png,tcvud,0
screenshot_2116.png,vgt7nt,0
screenshot_2117.png,3w3m,0
screenshot_2118.png,8s489,0
screenshot_2119.png,7p3mc7,0
screenshot_2120.png,n4ixj,0
screenshot_2121.png,u4vk5,0
screenshot_2122.png,7dt7e,0
screenshot_2123.png,7v22wy,0
screenshot_2124.png,bkj7t,0
screenshot_2125.png,6phgd7,0
screenshot_2126.png,w7ihp,0
screenshot_2127.png,sxak,0
screenshot_2128.png,uydin,0
screenshot_2129.png,2afe6,0
screenshot_2130.png,6nh8c6,0
screenshot_2131.png,he42,0
screenshot_2132.png,xtgmr,0
screenshot_2133.png,uffxk,0
screenshot_2134.png,ry2w3e,0
screenshot_2135.png,tk3f,0
screenshot_2136.png,wnh8q,0
screenshot_2137.png,gxgu2,0
screenshot_2138.png,8y77,0
screenshot_2139.png,are3nx,0
screenshot_2140.png,kgbh4,0
screenshot_2141.png,3qckx,0
screenshot_2142.png,vfwaki,0
screenshot_2143.png,am7v,0
screenshot_2144.png,7qrekx,0
screenshot_2145.png,nh9u2,0
screenshot_2146.png,yisn7,0
screenshot_2147.png,f4eqwu,0
screenshot_2148.png,ddm54,0
screenshot_2149.png,mhrd,0
screenshot_2150.png,ytb9yy,0
screenshot_2151.png,r84ms,0
screenshot_2152.png,rxrm2x,0
screenshot_2153.png,2m5t4c,0
screenshot_2154.png,37kddi,0
screenshot_2155.png,ww39,0
screenshot_2156.png,7fur,0
screenshot_2157.png,mt29,0
screenshot_2158.png,k9qq,0
screenshot_2159.png,c38pti,0
screenshot_2160.png,atbxu,0
screenshot_2161.png,dwti5,0
screenshot_2162.png,nycw,0
screenshot_2163.png,8xgvk,0
screenshot_2164.png,9jiv2,0
screenshot_2165.png,v4r8b,0
screenshot_2166.png,ueg454,0
screenshot_2167.png,49xvg,0
screenshot_2168.png,uern4,0
screenshot_2169.png,drm5a2,0
screenshot_2170.png,nypc,0
screenshot_2171.png,j7g7c,0
screenshot_2172.png,7e8ku,0
screenshot_2173.png,77txa,0
screenshot_2174.png,uk2df,0
screenshot_2175.png,zrbesa,0
screenshot_2176.png,i4hz6z,0
screenshot_2177.png,bd4k26,0
screenshot_2178.png,uscag,0
screenshot_2179.png,qdbm5,0
screenshot_2180.png,rs7g,0
screenshot_2181.png,d3nvc,0
screenshot_2182.png,rwnwq,0
screenshot_2183.png,b3c6c6,0
screenshot_2184.png,yi8g22,0
screenshot_2185.png,yk9e,0
screenshot_2186.png,wutw36,0
screenshot_2187.png,pq72y,0
screenshot_2188.png,pw22q,0
screenshot_2190.png,sedy,0
screenshot_2191.png,8a8am,0
screenshot_2192.png,x88du,0
screenshot_2193.png,3jfr,0
screenshot_2194.png,94ss7n,0
screenshot_2195.png,ipcv,0
screenshot_2196.png,efg2,0
screenshot_2197.png,vaimga,0
screenshot_2198.png,n7n9x9,0
screenshot_2199.png,wjfxi,0
screenshot_2200.png,yv6e,0
screenshot_2201.png,4aayns,0
screenshot_2202.png,62xq,0
screenshot_2203.png,uuck,0
screenshot_2204.png,u5m2,0
screenshot_2205.png,uzwa2,0
screenshot_2206.png,z27x,0
screenshot_2207.png,3m5k,0
screenshot_2208.png,48a7b,0
screenshot_2209.png,27i9,0
screenshot_2210.png,q33s2e,0
screenshot_2211.png,napr,0
screenshot_2212.png,k4by3h,0
screenshot_2213.png,qbyh,0
screenshot_2214.png,24gu,0
screenshot_2215.png,at6z4n,0
screenshot_2216.png,c6ekzh,0
screenshot_2217.png,9tqqt,0
screenshot_2218.png,swdv5,0
screenshot_2219.png,str37n,0
screenshot_2220.png,jm98i,0
screenshot_2221.png,26uts,0
screenshot_2222.png,29wt,0
screenshot_2223.png,f56t,0
screenshot_2224.png,wd9uv,0
screenshot_2225.png,rpmgj,0
screenshot_2226.png,33f6t,0
screenshot_2227.png,k67m,0
screenshot_2228.png,7sy5a6,0
screenshot_2229.png,eygu5,0
screenshot_2230.png,3h7b,0
screenshot_2231.png,b9qhy7,0
screenshot_2232.png,fvft3,0
screenshot_2233.png,ctxd4s,0
screenshot_2234.png,wkr9,0
screenshot_2235.png,k94mw,0
screenshot_2236.png,t95rk,0
screenshot_2237.png,ygzzb,0
screenshot_2238.png,9a46c,0
screenshot_2239.png,vmbyhu,0
screenshot_2240.png,teetif,0
screenshot_2241.png,55zqa,0
screenshot_2242.png,wnnd,0
screenshot_2243.png,96szx,0
screenshot_2244.png,d4b4,0
screenshot_2245.png,vtzk,0
screenshot_2246.png,82a3,0
screenshot_2247.png,gaxqnk,0
screenshot_2248.png,jwhu,0
screenshot_2249.png,rgt9,0
screenshot_2250.png,8wnh,0
screenshot_2251.png,fh8pv,0
screenshot_2252.png,vaiwx,0
screenshot_2253.png,yxk9g,0
screenshot_2254.png,4ueep,0
screenshot_2255.png,x3jja,0
screenshot_2256.png,b3k25r,0
screenshot_2257.png,hvhr8,0
screenshot_2258.png,v7hm2,0
screenshot_2259.png,funap5,0
screenshot_2260.png,tgg8e,0
screenshot_2261.png,zqic,0
screenshot_2262.png,mu5j8w,0
screenshot_2263.png,54bhp,0
screenshot_2264.png,s26k3a,0
screenshot_2265.png,crvrv5,0
screenshot_2266.png,zn825,0
screenshot_2267.png,rq5qgt,0
screenshot_2268.png,mgws9,0
screenshot_2269.png,xq4j95,0
screenshot_2270.png,mpknf3,0
screenshot_2271.png,didb,0
screenshot_2272.png,cmgytn,0
screenshot_2273.png,ugsz4n,0
screenshot_2274.png,yi2t,0
screenshot_2275.png,h6qrr,0
screenshot_2276.png,c95saq,0
screenshot_2277.png,v89a99,0
screenshot_2278.png,f8n9,0
screenshot_2279.png,5fhs,0
screenshot_2280.png,f5wz,0
screenshot_2281.png,jujjf,0
screenshot_2282.png,pbmbg,0
screenshot_2283.png,2bihs,0
screenshot_2284.png,2nmh,0
screenshot_2285.png,aey6g,0
screenshot_2286.png,9cyen,0
screenshot_2287.png,zq8tv,0
screenshot_2288.png,v9ksi,0
screenshot_2289.png,5xgni2,0
screenshot_2290.png,e4d5ew,0
screenshot_2291.png,vz39ma,0
screenshot_2292.png,cz94s,0
screenshot_2293.png,4rqpg,0
screenshot_2294.png,8ak39r,0
screenshot_2295.png,9t47uk,0
screenshot_2296.png,5zgi49,0
screenshot_2297.png,jdz8ci,0
screenshot_2298.png,ptn7g,0
screenshot_2299.png,bwmxtg,0
screenshot_2300.png,4sx7z,0
screenshot_2301.png,k53t,0
screenshot_2302.png,x72an,0
screenshot_2303.png,8pr94d,0
screenshot_2304.png,csd3jc,0
screenshot_2305.png,cixz,0
screenshot_2306.png,qh2di,0
screenshot_2307.png,rcp8x,0
screenshot_2308.png,qecv5e,0
screenshot_2309.png,t5kd,0
screenshot_2310.png,rdub,0
screenshot_2311.png,2hybpg,0
screenshot_2312.png,btladl,0
screenshot_2313.png,gmz5s,0
screenshot_2314.png,j8xknq,0
screenshot_2315.png,jvys4,0
screenshot_2316.png,fnapj,0
screenshot_2317.png,yema,0
screenshot_2318.png,h5by,0
screenshot_2319.png,uhdnvz,0
screenshot_2320.png,8tv5,0
screenshot_2321.png,geum,0
screenshot_2322.png,4w34b,0
screenshot_2323.png,jkuh,0
screenshot_2324.png,bcc7e,0
screenshot_2325.png,xmdy,0
screenshot_2326.png,nef9f,0
screenshot_2327.png,xwynd,0
screenshot_2328.png,pzj5ei,0
screenshot_2329.png,9abd,0
screenshot_2330.png,rqysn,0
screenshot_2331.png,gg425,0
screenshot_2332.png,wxjr,0
screenshot_2333.png,7598,0
screenshot_2334.png,syag,0
screenshot_2335.png,vhrq7,0
screenshot_2336.png,hysxc,0
screenshot_2337.png,swx9,0
screenshot_2338.png,8ksne,0
screenshot_2339.png,zyuqx,0
screenshot_2340.png,hehbq,0
screenshot_2341.png,4qfki,0
screenshot_2342.png,deqp,0
screenshot_2343.png,juee,0
screenshot_2344.png,hnnzjc,0
screenshot_2345.png,772c8t,0
screenshot_2346.png,35cg,0
screenshot_2347.png,wdggs,0
screenshot_2348.png,mtczky,0
screenshot_2349.png,x6f2mh,0
screenshot_2350.png,kz5kp9,0
screenshot_2351.png,v3z7u,0
screenshot_2352.png,8vt8g,0
screenshot_2353.png,rbgtwg,0
screenshot_2354.png,ajz6,0
screenshot_2355.png,hmf6,0
screenshot_2356.png,fc52,0
screenshot_2357.png,j9my4r,0
screenshot_2358.png,i3etvf,0
screenshot_2359.png,yrb2d,0
screenshot_2360.png,jcju8,0
screenshot_2361.png,etrjyj,0
screenshot_2362.png,sc32,0
screenshot_2363.png,gxcg,0
screenshot_2364.png,aj63,0
screenshot_2365.png,2u6g,0
screenshot_2366.png,tf3d,0
screenshot_2367.png,pwbe,0
screenshot_2368.png,3rubr2,0
screenshot_2369.png,szr6vx,0
screenshot_2370.png,93hg27,0
screenshot_2371.png,dygx2,0
screenshot_2372.png,weew,0
screenshot_2373.png,pript,0
screenshot_2374.png,evtjem,0
screenshot_2375.png,u7etjz,0
screenshot_2376.png,8bwnc,0
screenshot_2377.png,f85uj,0
screenshot_2378.png,x8z6,0
screenshot_2379.png,56wu9,0
screenshot_2380.png,vfemv,0
screenshot_2381.png,5tfw,0
screenshot_2382.png,2bbn,0
screenshot_2383.png,aypxdw,0
screenshot_2384.png,tvz9eq,0
screenshot_2385.png,q3pswj,0
screenshot_2386.png,rerlq,0
screenshot_2387.png,iv99j,0
screenshot_2388.png,s4nrp,0
screenshot_2389.png,d4bz,0
screenshot_2390.png,pcxp,0
screenshot_2391.png,yxh5,0
screenshot_2392.png,g29rnp,0
screenshot_2393.png,xiept,0
screenshot_2394.png,8dr3qu,0
screenshot_2395.png,hb4nu,0
screenshot_2396.png,3x2cj,0
screenshot_2397.png,tgkkm,0
screenshot_2398.png,cgmz,0
screenshot_2399.png,v7dizv,0
screenshot_2400.png,sb6gq,0
screenshot_2401.png,aqwebm,0
screenshot_2402.png,dbac,0
screenshot_2403.png,kmy5m,0
screenshot_2404.png,q5q6u,0
screenshot_2405.png,7axj4,0
screenshot_2406.png,n5hc,0
screenshot_2407.png,u9565t,0
screenshot_2408.png,cj4i3p,0
screenshot_2409.png,tpkpkg,0
screenshot_2410.png,3cxv,0
screenshot_2411.png,xssv8,0
screenshot_2412.png,3vu7y,0
screenshot_2413.png,2jmqa,0
screenshot_2414.png,kqxcxs,0
screenshot_2415.png,u62jyr,0
screenshot_2416.png,ws25,0
screenshot_2417.png,z8ivv,0
screenshot_2418.png,r7jda,0
screenshot_2419.png,nhu2,0
screenshot_2420.png,kf9l,0
screenshot_2422.png,ifdgh9,0
screenshot_2423.png,2cv4nw,0
screenshot_2424.png,bitbk8,0
screenshot_2425.png,ffzqvq,0
screenshot_2426.png,njslf,0
screenshot_2427.png,d62k,0
screenshot_2428.png,34urxb,0
screenshot_2429.png,ackp,0
screenshot_2430.png,wmta,0
screenshot_2431.png,4rweh6,0
screenshot_2432.png,87dmqc,0
screenshot_2433.png,b83h,0
screenshot_2434.png,w2jdx,0
screenshot_2435.png,twe7,0
screenshot_2436.png,q44wd,0
screenshot_2437.png,74hk,0
screenshot_2438.png,ki6j,0
screenshot_2439.png,iehqqm,0
screenshot_2440.png,imr7u,0
screenshot_2441.png,jtt2i,0
screenshot_2442.png,ic3xzc,0
screenshot_2443.png,gcfc,0
screenshot_2444.png,ggqrdc,0
screenshot_2445.png,ukmz,0
screenshot_2446.png,jv94,0
screenshot_2447.png,ygkis,0
screenshot_2448.png,uxve,0
screenshot_2449.png,67jdt,0
screenshot_2450.png,rd96g,0
screenshot_2451.png,8pr4a,0
screenshot_2452.png,fdqq9d,0
screenshot_2453.png,5q5e,0
screenshot_2454.png,zy3b,0
screenshot_2455.png,m4pyr,0
screenshot_2456.png,fw3d,0
screenshot_2457.png,zbka,0
screenshot_2458.png,25gv,0
screenshot_2459.png,brkpi,0
screenshot_2460.png,nrtk8d,0
screenshot_2461.png,z2rkpd,0
screenshot_2462.png,guzg,0
screenshot_2463.png,gukrfr,0
screenshot_2464.png,wtwk,0
screenshot_2465.png,nvdm,0
screenshot_2466.png,rj47s,0
screenshot_2467.png,e445n,0
screenshot_2468.png,mrcq,0
screenshot_2469.png,wuwf,0
screenshot_2470.png,98miia,0
screenshot_2471.png,ukr8b,0
screenshot_2472.png,a9m6ap,0
screenshot_2473.png,25ssxw,0
screenshot_2474.png,ipg5,0
screenshot_2475.png,rihkhs,0
screenshot_2476.png,cjxn,0
screenshot_2477.png,vnvp,0
screenshot_2478.png,vfqi,0
screenshot_2479.png,yp33,0
screenshot_2480.png,88a9,0
screenshot_2481.png,y5d8e6,0
screenshot_2482.png,mk5ia,0
screenshot_2483.png,jelw,0
screenshot_2484.png,6dbr82,0
screenshot_2485.png,ky2f,0
screenshot_2486.png,dvufz,0
screenshot_2487.png,ixugi,0
screenshot_2488.png,8pdu,0
screenshot_2489.png,cm2xk,0
screenshot_2490.png,h7g9j,0
screenshot_2491.png,bivrgi,0
screenshot_2492.png,4jgy5,0
screenshot_2493.png,jwixq,0
screenshot_2494.png,73il7s,0
screenshot_2495.png,swfk9,0
screenshot_2496.png,u27wmr,0
screenshot_2497.png,8yx4nn,0
screenshot_2498.png,uup5nd,0
screenshot_2499.png,qrc25a,0
screenshot_2500.png,kh5yd,0
screenshot_2501.png,bcfvs,0
screenshot_2502.png,32f8e,0
screenshot_2503.png,be876,0
screenshot_2504.png,x3sr,0
screenshot_2505.png,cskzsx,0
screenshot_2506.png,eq376p,0
screenshot_2507.png,gpe3e,0
screenshot_2508.png,ceys,0
screenshot_2509.png,wg8j,0
screenshot_2510.png,2ex6g2,0
screenshot_2511.png,39cf,0
screenshot_2512.png,3fr47w,0
screenshot_2513.png,57kent,0
screenshot_2514.png,ggi6,0
screenshot_2515.png,rjkd,0
screenshot_2516.png,3899w,0
screenshot_2517.png,a4yip,0
screenshot_2518.png,bmv84,0
screenshot_2519.png,y9egk,0
screenshot_2520.png,6bgm9y,0
screenshot_2521.png,kwyn4r,0
screenshot_2522.png,bhfi,0
screenshot_2523.png,qszq5,0
screenshot_2524.png,uegu7,0
screenshot_2525.png,hg7e4,0
screenshot_2526.png,cas7,0
screenshot_2527.png,wiki5,0
screenshot_2528.png,b8k9a4,0
screenshot_2529.png,exdij,0
screenshot_2530.png,rxqz66,0
screenshot_2531.png,pxd4c,0
screenshot_2533.png,tvdbsg,0
screenshot_2534.png,4e53du,0
screenshot_2535.png,89kx4,0
screenshot_2536.png,yg92m,0
screenshot_2537.png,mkpp,0
screenshot_2538.png,5drm6q,0
screenshot_2539.png,9uj93e,0
screenshot_2540.png,mp39a,0
screenshot_2541.png,467z,0
screenshot_2542.png,rs6dxq,0
screenshot_2543.png,f5ys8,0
screenshot_2544.png,iheg57,0
screenshot_2545.png,7agn,0
screenshot_2546.png,m2vm,0
screenshot_2547.png,x3bwd,0
screenshot_2548.png,k4ywh,0
screenshot_2549.png,e8xac,0
screenshot_2550.png,hr72,0
screenshot_2551.png,tazd9,0
screenshot_2552.png,fp32,0
screenshot_2553.png,pmvy3,0
screenshot_2554.png,npaqr,0
screenshot_2555.png,vxj4kl,0
screenshot_2556.png,fnhgmf,0
screenshot_2557.png,mn3w,0
screenshot_2558.png,grq29q,0
screenshot_2559.png,ehs7k,0
screenshot_2560.png,rqkep,0
screenshot_2561.png,7nwppw,0
screenshot_2562.png,8q4i,0
screenshot_2563.png,exivam,0
screenshot_2564.png,6xv4zu,0
screenshot_2565.png,pxpvhd,0
screenshot_2566.png,e467gi,0
screenshot_2567.png,53dj,0
screenshot_2568.png,vlxv6j,0
screenshot_2569.png,ivpgcq,0
screenshot_2570.png,y9k6e,0
screenshot_2571.png,sdj67,0
screenshot_2572.png,x7en3f,0
screenshot_2573.png,vz287,0
screenshot_2574.png,kt7t3,0
screenshot_2575.png,94gszu,0
screenshot_2576.png,w68nn,0
screenshot_2577.png,g6nwbg,0
screenshot_2578.png,zr4968,0
screenshot_2579.png,22ywn,0
screenshot_2580.png,n9m4c,0
screenshot_2581.png,nxgz,0
screenshot_2582.png,c6sviv,0
screenshot_2583.png,4g8nc,0
screenshot_2584.png,sfxk,0
screenshot_2585.png,jy3uus,0
screenshot_2586.png,8ua9e3,0
screenshot_2587.png,q6ymda,0
screenshot_2588.png,bh4g,0
screenshot_2589.png,rzu4rx,0
screenshot_2590.png,ynj3i,0
screenshot_2591.png,br6ei,0
screenshot_2592.png,426p,0
screenshot_2593.png,3fn8h,0
screenshot_2594.png,9dfn,0
screenshot_2595.png,ccsba,0
screenshot_2597.png,k2bmcf,0
screenshot_2598.png,tx4ihq,0
screenshot_2599.png,ysny,0
screenshot_2600.png,driw3,0
screenshot_2601.png,gba6j,0
screenshot_2602.png,eamz4c,0
screenshot_2603.png,3k3cpx,0
screenshot_2604.png,6fhuri,0
screenshot_2605.png,sua3pz,0
screenshot_2606.png,kcmknj,0
screenshot_2607.png,vgh2,0
screenshot_2608.png,b3b5m,0
screenshot_2609.png,7zm2k,0
screenshot_2610.png,dgrnvw,0
screenshot_2611.png,mu8xau,0
screenshot_2612.png,c2v8r,0
screenshot_2613.png,x2p4,0
screenshot_2614.png,sd74y,0
screenshot_2615.png,pk55,0
screenshot_2616.png,updtf,0
screenshot_2617.png,sq9m,0
screenshot_2618.png,miwyu,0
screenshot_2619.png,xenf,0
screenshot_2620.png,z2ytq,0
screenshot_2621.png,2q5gk,0
screenshot_2622.png,tcpm7,0
screenshot_2623.png,4htg,0
screenshot_2624.png,e5qs,0
screenshot_2625.png,6jdj,0
screenshot_2626.png,dk2g4,0
screenshot_2627.png,cyene,0
screenshot_2628.png,l29baa,0
screenshot_2629.png,g923g,0
screenshot_2630.png,zxzq,0
screenshot_2631.png,xgudd9,0
screenshot_2632.png,znbk,0
screenshot_2633.png,5d4r,0
screenshot_2634.png,fr3a,0
screenshot_2635.png,4w8z,0
screenshot_2636.png,3cx9,0
screenshot_2637.png,37j9,0
screenshot_2638.png,uxi7,0
screenshot_2639.png,skpr,0
screenshot_2640.png,8tbv6v,0
screenshot_2641.png,rtv6f4,0
screenshot_2642.png,tuga,0
screenshot_2643.png,777tn,0
screenshot_2644.png,249ww,0
screenshot_2645.png,iybrrz,0
screenshot_2646.png,4zwa,0
screenshot_2647.png,i6tkm,0
screenshot_2648.png,gy5356,0
screenshot_2649.png,pfat,0
screenshot_2650.png,wdn7,0
screenshot_2651.png,bn72b8,0
screenshot_2652.png,av9vm6,0
screenshot_2653.png,fr6db,0
screenshot_2654.png,c6di,0
screenshot_2655.png,tws8,0
screenshot_2656.png,4gpd,0
screenshot_2657.png,9ryjh7,0
screenshot_2658.png,jyel,0
screenshot_2659.png,kxvhuv,0
screenshot_2660.png,dutaej,0
screenshot_2661.png,ase7,0
screenshot_2662.png,74jk,0
screenshot_2663.png,vrszt7,0
screenshot_2664.png,j8sj,0
screenshot_2665.png,i3ylc,0
screenshot_2666.png,pvgvr,0
screenshot_2667.png,uqykh,0
screenshot_2668.png,56k36g,0
screenshot_2669.png,wduj2,0
screenshot_2670.png,5sx7tj,0
screenshot_2671.png,q75qfx,0
screenshot_2672.png,f8fdyq,0
screenshot_2673.png,a32ezc,0
screenshot_2674.png,mv8a,0
screenshot_2675.png,cuge,0
screenshot_2676.png,4wsjs8,0
screenshot_2677.png,7hqeu,0
screenshot_2678.png,r7w8y,0
screenshot_2679.png,2fii,0
screenshot_2680.png,tz4ye,0
screenshot_2681.png,4ysgzf,0
screenshot_2682.png,jt3ep,0
screenshot_2683.png,rwts,0
screenshot_2684.png,a3tv,0
screenshot_2685.png,x4wr,0
screenshot_2686.png,umqr5v,0
screenshot_2687.png,27513,0
screenshot_2688.png,d5n8,0
screenshot_2689.png,9ivy,0
screenshot_2690.png,6v253,0
screenshot_2691.png,fwwp,0
screenshot_2692.png,j2c65u,0
screenshot_2693.png,kkipa,0
screenshot_2694.png,idmc,0
screenshot_2695.png,ixci5,0
screenshot_2696.png,qrgd,0
screenshot_2697.png,2aw2,0
screenshot_2698.png,vh8aji,0
screenshot_2699.png,nk8b3q,0
screenshot_2700.png,y7gr93,0
screenshot_2702.png,agpr,0
screenshot_2703.png,yx6x,0
screenshot_2704.png,cdubud,0
screenshot_2705.png,yhm25h,0
screenshot_2706.png,imrfcp,0
screenshot_2707.png,dyna6,0
screenshot_2708.png,f4zymp,0
screenshot_2709.png,8j77n,0
screenshot_2710.png,sa3u,0
screenshot_2711.png,eqwy,0
screenshot_2712.png,ecdq,0
screenshot_2713.png,k4da,0
screenshot_2714.png,3i5w,0
screenshot_2716.png,rcrtyk,0
screenshot_2717.png,hx5jb,0
screenshot_2718.png,zbzc59,0
screenshot_2719.png,4utx,0
screenshot_2720.png,waum3,0
screenshot_2721.png,ex2jwc,0
screenshot_2722.png,ttv4,0
screenshot_2723.png,tkw7,0
screenshot_2724.png,kbyq,0
screenshot_2725.png,i7yzwq,0
screenshot_2726.png,v3qv,0
screenshot_2727.png,mbb8yn,0
screenshot_2728.png,xrsq,0
screenshot_2729.png,4v4c,0
screenshot_2730.png,watbjc,0
screenshot_2731.png,r6pi9,0
screenshot_2732.png,9jwv7j,0
screenshot_2733.png,mnyb5,0
screenshot_2734.png,mbz57,0
screenshot_2735.png,zufa,0
screenshot_2736.png,9acd5s,0
screenshot_2737.png,9fnqm6,0
screenshot_2738.png,tijei,0
screenshot_2739.png,aax65,0
screenshot_2740.png,7fa2,0
screenshot_2741.png,zkt43,0
screenshot_2742.png,t3rp9,0
screenshot_2743.png,jvmj,0
screenshot_2744.png,cs2j2,0
screenshot_2745.png,5uu6b,0
screenshot_2747.png,ieatn,0
screenshot_2748.png,aghuja,0
screenshot_2749.png,d9fsq,0
screenshot_2750.png,32xv,0
screenshot_2751.png,6vs5x,0
screenshot_2752.png,heb6pf,0
screenshot_2753.png,y7e5qv,0
screenshot_2754.png,p5pb7,0
screenshot_2755.png,rxi5xh,0
screenshot_2756.png,kzru,0
screenshot_2757.png,t26f3,0
screenshot_2758.png,zu52b,0
screenshot_2759.png,8b4x,0
screenshot_2760.png,jd3h,0
screenshot_2761.png,bxhf,0
screenshot_2762.png,cf94,0
screenshot_2763.png,tupb7i,0
screenshot_2764.png,btv9vj,0
screenshot_2765.png,tfs7n,0
screenshot_2766.png,a2p3kw,0
screenshot_2767.png,7wijw,0
screenshot_2768.png,xt8za,0
screenshot_2769.png,mnbc,0
screenshot_2770.png,6cjxpn,0
screenshot_2771.png,3ubf7,0
screenshot_2772.png,me4g,0
screenshot_2773.png,acc4,0
screenshot_2775.png,vysht,0
screenshot_2776.png,2ipzfc,0
screenshot_2777.png,nzmj,0
screenshot_2778.png,ke8id,0
screenshot_2779.png,x3ecq,0
screenshot_2780.png,8bj5qc,0
screenshot_2781.png,ksvw,0
screenshot_2782.png,gpuqf3,0
screenshot_2783.png,vt2ic2,0
screenshot_2784.png,6uxmn,0
screenshot_2785.png,ui29,0
screenshot_2786.png,zfru,0
screenshot_2787.png,fhczfc,0
screenshot_2788.png,sx4g,0
screenshot_2789.png,t3jv,0
screenshot_2790.png,2raw,0
screenshot_2791.png,rntsi,0
screenshot_2792.png,56y8,0
screenshot_2793.png,8zm9,0
screenshot_2794.png,v3mk9,0
screenshot_2795.png,6yv38j,0
screenshot_2796.png,w7ydr,0
screenshot_2797.png,rxdjz,0
screenshot_2798.png,432r3a,0
screenshot_2799.png,9g8dfa,0
screenshot_2800.png,mcdqf3,0
screenshot_2801.png,mfm7,0
screenshot_2802.png,imwi2,0
screenshot_2803.png,qq37,0
screenshot_2804.png,se9mg,0
screenshot_2805.png,uvnm,0
screenshot_2806.png,xahati,0
screenshot_2807.png,3e6v63,0
screenshot_2808.png,mpkcd4,0
screenshot_2809.png,nbri6,0
screenshot_2810.png,cuny,0
screenshot_2811.png,h5nh,0
screenshot_2812.png,rbh3,0
screenshot_2813.png,a36z9,0
screenshot_2814.png,42ndxe,0
screenshot_2815.png,92zzeh,0
screenshot_2816.png,49y3,0
screenshot_2817.png,wgrm,0
screenshot_2818.png,9sj3f,0
screenshot_2819.png,ryfj,0
screenshot_2820.png,y9bb,0
screenshot_2821.png,54pd,0
screenshot_2822.png,jgm8me,0
screenshot_2823.png,j7tj,0
screenshot_2824.png,aacyut,0
screenshot_2825.png,4vvs,0
screenshot_2826.png,xcyeh,0
screenshot_2827.png,j3sdnh,0
screenshot_2828.png,whm9ji,0
screenshot_2829.png,hmfjis,0
screenshot_2830.png,p4igru,0
screenshot_2831.png,vnz43,0
screenshot_2832.png,i2zn5d,0
screenshot_2833.png,aimg,0
screenshot_2834.png,3c6ya,0
screenshot_2835.png,nct5w7,0
screenshot_2836.png,rvy9i,0
screenshot_2837.png,w5ti,0
screenshot_2838.png,rvf8f,0
screenshot_2839.png,rage,0
screenshot_2840.png,qmbvwk,0
screenshot_2841.png,hr7a,0
screenshot_2842.png,fx45e,0
screenshot_2843.png,s4jc,0
screenshot_2844.png,aa2cms,0
screenshot_2845.png,wfaa,0
screenshot_2846.png,syq9,0
screenshot_2847.png,eqfrt5,0
screenshot_2848.png,p3562s,0
screenshot_2849.png,7uprn,0
screenshot_2850.png,7mhin,0
screenshot_2851.png,ar9mni,0
screenshot_2852.png,ayyzhx,0
screenshot_2853.png,b7b7d,0
screenshot_2854.png,j3kt,0
screenshot_2855.png,xxsxr,0
screenshot_2856.png,9bneu6,0
screenshot_2857.png,ibycj,0
screenshot_2858.png,5pz9,0
screenshot_2859.png,5bfvsk,0
screenshot_2860.png,ubndcb,0
screenshot_2861.png,srjwtk,0
screenshot_2862.png,ife9,0
screenshot_2863.png,zdf8,0
screenshot_2864.png,rqhq9,0
screenshot_2865.png,7gcy4,0
screenshot_2866.png,qna3ev,0
screenshot_2867.png,t22c8b,0
screenshot_2868.png,nt8a,0
screenshot_2869.png,wgug,0
screenshot_2870.png,jb2vh,0
screenshot_2871.png,jsv48u,0
screenshot_2872.png,qe16v,0
screenshot_2873.png,cr97b,0
screenshot_2874.png,q3r7w,0
screenshot_2875.png,rqae6,0
screenshot_2876.png,fmw3tg,0
screenshot_2877.png,9zjp,0
screenshot_2878.png,tz47,0
screenshot_2879.png,7bndb,0
screenshot_2880.png,g33t,0
screenshot_2881.png,7jiru,0
screenshot_2882.png,t812y,0
screenshot_2883.png,pgcnx,0
screenshot_2884.png,cbciv,0
screenshot_2885.png,bk9a,0
screenshot_2886.png,ibu62,0
screenshot_2887.png,fapw7,0
screenshot_2888.png,mf79,0
screenshot_2889.png,k4duc9,0
screenshot_2890.png,69qx,0
screenshot_2891.png,tz7k,0
screenshot_2892.png,7b5dip,0
screenshot_2893.png,s6t5,0
screenshot_2894.png,wd44,0
screenshot_2895.png,wbi9sn,0
screenshot_2896.png,u6s4,0
screenshot_2897.png,2u66,0
screenshot_2898.png,6t8ae,0
screenshot_2899.png,t29e2j,0
screenshot_2900.png,xqdhn,0
screenshot_2901.png,g9dm,0
screenshot_2903.png,78w64f,0
screenshot_2904.png,squae,0
screenshot_2905.png,uwpu,0
screenshot_2906.png,nmn68n,0
screenshot_2907.png,zupv,0
screenshot_2908.png,qnvq,0
screenshot_2909.png,byubf,0
screenshot_2910.png,9dqg,0
screenshot_2911.png,mkxt7b,0
screenshot_2912.png,y88yk,0
screenshot_2913.png,xwti4,0
screenshot_2914.png,ap9kg,0
screenshot_2915.png,ccbrp,0
screenshot_2916.png,4ydzep,0
screenshot_2917.png,ry424,0
screenshot_2918.png,mmqukq,0
screenshot_2919.png,cvpn,0
screenshot_2920.png,95ptky,0
screenshot_2921.png,hgnurv,0
screenshot_2922.png,77vtzw,0
screenshot_2923.png,2ifb,0
screenshot_2924.png,ffpcs,0
screenshot_2925.png,tr3jy,0
screenshot_2926.png,y3x5h,0
screenshot_2927.png,kna4t,0
screenshot_2928.png,9zc7,0
screenshot_2929.png,b3my,0
screenshot_2930.png,zw5a,0
screenshot_2931.png,vjxj,0
screenshot_2932.png,xpvg5,0
screenshot_2933.png,5mkg,0
screenshot_2934.png,ryx8d8,0
screenshot_2935.png,g7p47,0
screenshot_2936.png,bmd2k,0
screenshot_2937.png,wu2b2e,0
screenshot_2938.png,63qv,0
screenshot_2939.png,fsn62,0
screenshot_2940.png,5g4kmb,0
screenshot_2941.png,ztfms,0
screenshot_2942.png,mivb,0
screenshot_2943.png,rie9,0
screenshot_2944.png,n5n86p,0
screenshot_2945.png,58j4dj,0
screenshot_2946.png,b23gd,0
screenshot_2947.png,4wa7,0
screenshot_2948.png,yram,0
screenshot_2949.png,bq63,0
screenshot_2950.png,xwzbm,0
screenshot_2951.png,apvg4,0
screenshot_2952.png,a9qxc,0
screenshot_2953.png,zrfw5,0
screenshot_2954.png,w7hgp8,0
screenshot_2955.png,jdng,0
screenshot_2956.png,gzxe,0
screenshot_2957.png,4y35,0
screenshot_2958.png,mkwy7,0
screenshot_2959.png,bgd9,0
screenshot_2960.png,g3ui42,0
screenshot_2961.png,pgjg,0
screenshot_2962.png,rghs,0
screenshot_2963.png,y6ku,0
screenshot_2964.png,riqnpw,0
screenshot_2965.png,bsfxx,0
screenshot_2966.png,pbfr,0
screenshot_2967.png,nbfu,0
screenshot_2968.png,dbnga,0
screenshot_2970.png,zkpk,0
screenshot_2971.png,6zcppv,0
screenshot_2972.png,bb53,0
screenshot_2973.png,37ne,0
screenshot_2974.png,a4dpxu,0
screenshot_2975.png,mx37w,0
screenshot_2976.png,wgku,0
screenshot_2977.png,9k3qb,0
screenshot_2978.png,wura,0
screenshot_2979.png,ychzqv,0
screenshot_2980.png,sbir,0
screenshot_2981.png,p3g64q,0
screenshot_2982.png,z9jb3,0
screenshot_2983.png,cfqy35,0
screenshot_2984.png,mfv3b2,0
screenshot_2985.png,zmdq,0
screenshot_2986.png,ex8d,0
screenshot_2987.png,bj3q,0
screenshot_2988.png,fqf4,0
screenshot_2989.png,6sw7,0
screenshot_2990.png,5u3x,0
screenshot_2991.png,gp6fga,0
screenshot_2992.png,ftissd,0
screenshot_2993.png,687s7q,0
screenshot_2994.png,kw36m,0
screenshot_2995.png,sywg,0
screenshot_2996.png,6gka3t,0
screenshot_2997.png,6s77,0
screenshot_2998.png,nn6g3,0
screenshot_2999.png,8pjkg,0
screenshot_3000.png,fcuh,0
screenshot_3001.png,8cnpb,0
screenshot_3002.png,5jums,0
screenshot_3003.png,acmna9,0
screenshot_3004.png,ykpw,0
screenshot_3005.png,zxuk,0
screenshot_3006.png,6hwhn,0
screenshot_3007.png,xbdd7,0
screenshot_3008.png,x84h,0
screenshot_3009.png,sxncv,0
screenshot_3010.png,9xxixn,0
screenshot_3011.png,4d4b,0
screenshot_3012.png,tss2fz,0
screenshot_3013.png,vtxh,0
screenshot_3014.png,wbk7e7,0
screenshot_3015.png,qbzjg,0
screenshot_3016.png,k6ha,0
screenshot_3017.png,erbnrk,0
screenshot_3018.png,4f55f,0
screenshot_3019.png,r8npnk,0
screenshot_3020.png,7geph2,0
screenshot_3021.png,ac7z,0
screenshot_3022.png,hiksg,0
screenshot_3023.png,trepzy,0
screenshot_3024.png,nf8q,0
screenshot_3025.png,pvvf,0
screenshot_3026.png,hphan,0
screenshot_3027.png,9gkj,0
screenshot_3028.png,ptgh,0
screenshot_3029.png,kx2ne,0
screenshot_3030.png,3vsep,0
screenshot_3031.png,k9559,0
screenshot_3032.png,kg46q5,0
screenshot_3033.png,7w89e,0
screenshot_3034.png,hgj6kt,0
screenshot_3035.png,uwfq6,0
screenshot_3036.png,2tsnn,0
screenshot_3037.png,chrcn,0
screenshot_3038.png,rt59,0
screenshot_3039.png,kfqq9h,0
screenshot_3040.png,rspc,0
screenshot_3041.png,ivba,0
screenshot_3042.png,hddq6x,0
screenshot_3043.png,c7fuq4,0
screenshot_3044.png,nekue,0
screenshot_3045.png,vnjfq,0
screenshot_3046.png,hfwd,0
screenshot_3047.png,ghiy,0
screenshot_3048.png,2nyw69,0
screenshot_3049.png,figd,0
screenshot_3050.png,szu2,0
screenshot_3051.png,vf674,0
screenshot_3052.png,74nqbu,0
screenshot_3053.png,v2gf,0
screenshot_3054.png,xcz3q,0
screenshot_3055.png,4itq,0
screenshot_3056.png,xi6yht,0
screenshot_3057.png,exvcr,0
screenshot_3058.png,uyjq,0
screenshot_3059.png,at52uf,0
screenshot_3060.png,4zbin,0
screenshot_3061.png,vwmww,0
screenshot_3062.png,4xva,0
screenshot_3063.png,sgwsa7,0
screenshot_3064.png,pmkt,0
screenshot_3065.png,zhnm,0
screenshot_3066.png,u2v7,0
screenshot_3067.png,wxtk,0
screenshot_3068.png,mr9k,0
screenshot_3069.png,y4va,0
screenshot_3070.png,mu67,0
screenshot_3071.png,uy2jja,0
screenshot_3072.png,umgpk,0
screenshot_3073.png,a8xkma,0
screenshot_3074.png,bz2x,0
screenshot_3075.png,sykg2,0
screenshot_3076.png,3i94u,0
screenshot_3077.png,y28cq,0
screenshot_3078.png,r83e,0
screenshot_3079.png,tkdf8k,0
screenshot_3080.png,t5egk,0
screenshot_3081.png,fh5xm8,0
screenshot_3082.png,2xx2um,0
screenshot_3083.png,vawv2z,0
screenshot_3084.png,qyg7m,0
screenshot_3085.png,7q5ti,0
screenshot_3086.png,fh9f97,0
screenshot_3087.png,f3yn,0
screenshot_3088.png,eagc,0
screenshot_3089.png,3vvuv,0
screenshot_3090.png,ttumg,0
screenshot_3091.png,huca,0
screenshot_3092.png,pdntwy,0
screenshot_3093.png,eqcvg4,0
screenshot_3094.png,bart7,0
screenshot_3095.png,kjzh,0
screenshot_3096.png,mww8b,0
screenshot_3097.png,x8xzxi,0
screenshot_3098.png,2dm4,0
screenshot_3099.png,hb2giv,0
screenshot_3100.png,gpv5,0
screenshot_3101.png,ymez9,0
screenshot_3102.png,mgxx8i,0
screenshot_3103.png,u5xhmb,0
screenshot_3104.png,zwxtvh,0
screenshot_3105.png,d522e,0
screenshot_3106.png,jyp7y,0
screenshot_3107.png,57w32,0
screenshot_3108.png,tren9,0
screenshot_3110.png,kimky,0
screenshot_3111.png,k2pz,0
screenshot_3112.png,xshzu,0
screenshot_3113.png,jxymas,0
screenshot_3114.png,48h46v,0
screenshot_3115.png,s2zcy5,0
screenshot_3116.png,7mvw,0
screenshot_3117.png,6va9i,0
screenshot_3118.png,tdwd,0
screenshot_3119.png,k4t4c,0
screenshot_3120.png,a9gqb,0
screenshot_3121.png,5enk,0
screenshot_3122.png,uipde8,0
screenshot_3123.png,nhgita,0
screenshot_3124.png,e2nwyx,0
screenshot_3125.png,h9zfc,0
screenshot_3126.png,5afc,0
screenshot_3127.png,x38y6,0
screenshot_3128.png,vzg6x,0
screenshot_3129.png,svv9tb,0
screenshot_3130.png,zpzsc,0
screenshot_3131.png,ibq5,0
screenshot_3132.png,xjcfxc,0
screenshot_3133.png,9kj98,0
screenshot_3134.png,8spjx,0
screenshot_3135.png,2vz5,0
screenshot_3136.png,mr33,0
screenshot_3137.png,t4un,0
screenshot_3138.png,6wq8n,0
screenshot_3139.png,ych64f,0
screenshot_3140.png,ygydc,0
screenshot_3141.png,4ad74w,0
screenshot_3142.png,aaprbk,0
screenshot_3143.png,mncuk,0
screenshot_3144.png,mepqci,0
screenshot_3145.png,gbm2r,0
screenshot_3146.png,9y6v,0
screenshot_3147.png,xwdy45,0
screenshot_3148.png,nn4z4e,0
screenshot_3149.png,hajtf,0
screenshot_3150.png,zv8y,0
screenshot_3151.png,zbnv,0
screenshot_3152.png,5d78,0
screenshot_3153.png,m9ug,0
screenshot_3154.png,q7pc77,0
screenshot_3155.png,8cny9b,0
screenshot_3156.png,bx4p,0
screenshot_3157.png,dquc,0
screenshot_3158.png,pp5png,0
screenshot_3159.png,qzza5,0
screenshot_3160.png,6pmx,0
screenshot_3161.png,pmzfc,0
screenshot_3162.png,629qbz,0
screenshot_3163.png,23cvf5,0
screenshot_3164.png,wa2c5,0
screenshot_3165.png,r34ft,0
screenshot_3166.png,u9djyi,0
screenshot_3167.png,yg5d9,0
screenshot_3168.png,hw36d,0
screenshot_3169.png,heg9qf,0
screenshot_3170.png,4bcmr,0
screenshot_3171.png,nnm5,0
screenshot_3172.png,qhch,0
screenshot_3173.png,pk333a,0
screenshot_3174.png,ac66,0
screenshot_3175.png,vmqc,0
screenshot_3176.png,whp6mh,0
screenshot_3177.png,3mqvu,0
screenshot_3178.png,k3uvhe,0
screenshot_3179.png,dr9tid,0
screenshot_3181.png,rmpv9,0
screenshot_3182.png,rthz6,0
screenshot_3183.png,b2wns,0
screenshot_3185.png,r7yke,0
screenshot_3186.png,94r3em,0
screenshot_3187.png,qc48ur,0
screenshot_3188.png,53ha,0
screenshot_3189.png,s5kqk,0
screenshot_3190.png,fcsnu4,0
screenshot_3191.png,82kn,0
screenshot_3192.png,apwzq,0
screenshot_3193.png,h84cx,0
screenshot_3194.png,68r2,0
screenshot_3195.png,jva68,0
screenshot_3196.png,25b35v,0
screenshot_3197.png,yhh9aq,0
screenshot_3198.png,shb8h,0
screenshot_3199.png,x5q4g,0
screenshot_3200.png,dg7e,0
screenshot_3201.png,xz5t,0
screenshot_3202.png,n6qr,0
screenshot_3203.png,ivxw5,0
screenshot_3204.png,n9yf,0
screenshot_3205.png,n3nc6,0
screenshot_3206.png,cgte,0
screenshot_3207.png,ktgg,0
screenshot_3208.png,bime,0
screenshot_3209.png,id5w,0
screenshot_3210.png,6jwzg4,0
screenshot_3211.png,rinej,0
screenshot_3212.png,ekdpq,0
screenshot_3213.png,qkxkb,0
screenshot_3214.png,ic8e,0
screenshot_3215.png,4rzj9x,0
screenshot_3216.png,tixa,0
screenshot_3217.png,pqrv9,0
screenshot_3218.png,2dvx7j,0
screenshot_3219.png,t4q8,0
screenshot_3220.png,5h5b,0
screenshot_3221.png,crp8e,0
screenshot_3222.png,j9mi,0
screenshot_3223.png,yudep,0
screenshot_3224.png,2xts23,0
screenshot_3225.png,6fz6n,0
screenshot_3226.png,edams,0
screenshot_3227.png,fxb9,0
screenshot_3228.png,buyad,0
screenshot_3229.png,e5c9,0
screenshot_3230.png,k4rw,0
screenshot_3231.png,rdvf,0
screenshot_3232.png,gykxs3,0
screenshot_3233.png,rp3ch3,0
screenshot_3234.png,terqr,0
screenshot_3235.png,qrutv,0
screenshot_3236.png,yhz2ga,0
screenshot_3237.png,vppp,0
screenshot_3238.png,7ktf,0
screenshot_3239.png,8few,0
screenshot_3240.png,c6dd,0
screenshot_3241.png,3cm57d,0
screenshot_3242.png,rg3n7h,0
screenshot_3243.png,x72d,0
screenshot_3244.png,yxut,0
screenshot_3245.png,ayauyy,0
screenshot_3246.png,p242,0
screenshot_3247.png,jgdvw,0
screenshot_3248.png,cfxt,0
screenshot_3249.png,qgquwb,0
screenshot_3250.png,ubad6,0
screenshot_3251.png,nurkm,0
screenshot_3252.png,8y7a7c,0
screenshot_3254.png,79u2x,0
screenshot_3255.png,82q33h,0
screenshot_3256.png,qrnwwg,0
screenshot_3257.png,jc7qh6,0
screenshot_3258.png,n5tuai,0
screenshot_3259.png,m7bsf,0
screenshot_3260.png,yqxu,0
screenshot_3261.png,dgmkjs,0
screenshot_3262.png,83kkb7,0
screenshot_3263.png,8xnjt6,0
screenshot_3264.png,km4yik,0
screenshot_3265.png,d9kqgj,0
screenshot_3266.png,5jfnr,0
screenshot_3267.png,xm3h8h,0
screenshot_3268.png,m8pp,0
screenshot_3269.png,nxq3,0
screenshot_3270.png,32imm,0
screenshot_3271.png,pwq2p,0
screenshot_3272.png,gxyct,0
screenshot_3273.png,cdw4,0
screenshot_3274.png,wseiv,0
screenshot_3275.png,hrqrh,0
screenshot_3276.png,a7qg,0
screenshot_3277.png,34cy38,0
screenshot_3278.png,k3fa,0
screenshot_3279.png,hqf5n,0
screenshot_3280.png,upkg,0
screenshot_3281.png,wuqtez,0
screenshot_3282.png,vmy8m,0
screenshot_3283.png,fh795,0
screenshot_3284.png,pe78,0
screenshot_3285.png,cdppz,0
screenshot_3287.png,82n8u,0
screenshot_3288.png,s8xa,0
screenshot_3289.png,zixb,0
screenshot_3290.png,t7q69f,0
screenshot_3291.png,nng62,0
screenshot_3292.png,3r226e,0
screenshot_3293.png,8t53u,0
screenshot_3294.png,6fv5,0
screenshot_3295.png,9ncqa,0
screenshot_3296.png,cjun,0
screenshot_3297.png,7x6v,0
screenshot_3298.png,bdbtkx,0
screenshot_3299.png,jd8sw8,0
screenshot_3300.png,abrp58,0
screenshot_3301.png,3uytg,0
screenshot_3302.png,u783,0
screenshot_3303.png,7inge,0
screenshot_3304.png,avjh,0
screenshot_3305.png,p3b4xc,0
screenshot_3306.png,ijwq,0
screenshot_3307.png,hpfaxv,0
screenshot_3308.png,b54mg5,0
screenshot_3309.png,3nm4,0
screenshot_3310.png,hrsg,0
screenshot_3311.png,sxsf47,0
screenshot_3312.png,3zf5u,0
screenshot_3313.png,v47rp,0
screenshot_3314.png,mxe4m,0
screenshot_3315.png,z3wjj,0
screenshot_3316.png,c82k,0
screenshot_3317.png,nvwu,0
screenshot_3318.png,2np3,0
screenshot_3319.png,ief7k5,0
screenshot_3320.png,6cxe8j,0
screenshot_3321.png,nbaj2s,0
screenshot_3322.png,dgfd9,0
screenshot_3323.png,sjxr4,0
screenshot_3324.png,3q9gv9,0
screenshot_3325.png,vayb,0
screenshot_3326.png,vw24,0
screenshot_3327.png,h7exz,0
screenshot_3328.png,2wwucp,0
screenshot_3329.png,1x26g,0
screenshot_3330.png,rx2dba,0
screenshot_3331.png,4dw4b7,0
screenshot_3332.png,7pc9,0
screenshot_3333.png,f22a,0
screenshot_3334.png,dkc6,0
screenshot_3335.png,yxuw5,0
screenshot_3336.png,fupi,0
screenshot_3337.png,tvfzc,0
screenshot_3338.png,deu5,0
screenshot_3339.png,u94g,0
screenshot_3340.png,he4y,0
screenshot_3341.png,wu95,0
screenshot_3342.png,6idjjt,0
screenshot_3343.png,4wph,0
screenshot_3344.png,jauf62,0
screenshot_3345.png,9sxap,0
screenshot_3346.png,i7mkf2,0
screenshot_3347.png,rvaqwu,0
screenshot_3348.png,358qge,0
screenshot_3349.png,auzw,0
screenshot_3350.png,vnaad7,0
screenshot_3351.png,w9ma,0
screenshot_3352.png,ye9m,0
screenshot_3353.png,ka6u4,0
screenshot_3354.png,ruf894,0
screenshot_3355.png,etwb,0
screenshot_3356.png,dfzmf,0
screenshot_3357.png,qy26i,0
screenshot_3358.png,rm46vg,0
screenshot_3359.png,mcm8,0
screenshot_3360.png,wkh9k,0
screenshot_3361.png,n7js,0
screenshot_3362.png,db85w,0
screenshot_3363.png,pfvjx,0
screenshot_3364.png,dc8mjv,0
screenshot_3365.png,xmz4,0
screenshot_3366.png,pkm5,0
screenshot_3367.png,3krnv7,0
screenshot_3368.png,x5hk8,0
screenshot_3369.png,8v4azb,0
screenshot_3370.png,jznng,0
screenshot_3371.png,sh2wnu,0
screenshot_3372.png,bmyvqv,0
screenshot_3373.png,i6mb,0
screenshot_3374.png,35rd,0
screenshot_3375.png,uyi2ap,0
screenshot_3376.png,zemmgy,0
screenshot_3377.png,tkre,0
screenshot_3378.png,ff74y,0
screenshot_3379.png,6bx7,0
screenshot_3380.png,65raj,0
screenshot_3381.png,tgbm26,0
screenshot_3382.png,3i47e,0
screenshot_3383.png,fnypbb,0
screenshot_3384.png,shmh4,0
screenshot_3385.png,wjegcc,0
screenshot_3386.png,fnhk,0
screenshot_3387.png,3q5tyt,0
screenshot_3388.png,tpfnaz,0
screenshot_3389.png,8485t,0
screenshot_3390.png,t45jcg,0
screenshot_3391.png,9ep6dw,0
screenshot_3392.png,yhr9xc,0
screenshot_3393.png,ubmq,0
screenshot_3394.png,zxq7p7,0
screenshot_3395.png,3c6k3,0
screenshot_3396.png,np2zv,0
screenshot_3397.png,riqtu,0
screenshot_3398.png,2uby,0
screenshot_3399.png,42xw3i,0
screenshot_3400.png,i7nt,0
screenshot_3401.png,imb6,0
screenshot_3402.png,kbe3,0
screenshot_3403.png,sjxe,0
screenshot_3404.png,wn3pbm,0
screenshot_3405.png,54vf,0
screenshot_3406.png,vmj8rb,0
screenshot_3407.png,ntm7,0
screenshot_3408.png,tdqa2,0
screenshot_3409.png,cqmrs7,0
screenshot_3410.png,96wcr,0
screenshot_3411.png,3wtk,0
screenshot_3412.png,g2zqi,0
screenshot_3413.png,habr,0
screenshot_3414.png,k9b2,0
screenshot_3415.png,k53x,0
screenshot_3416.png,ke4fy,0
screenshot_3417.png,9g88,0
screenshot_3418.png,uqvwc,0
screenshot_3419.png,vxdtny,0
screenshot_3420.png,jwunsz,0
screenshot_3421.png,5bw4xz,0
screenshot_3422.png,i8ai,0
screenshot_3423.png,a566am,0
screenshot_3424.png,khx7,0
screenshot_3425.png,kdiz7r,0
screenshot_3426.png,dw36ne,0
screenshot_3427.png,xax2,0
screenshot_3428.png,5js9t,0
screenshot_3429.png,j8t9,0
screenshot_3430.png,n8bfq,0
screenshot_3431.png,ak4h6,0
screenshot_3432.png,wvwf,0
screenshot_3433.png,7rqres,0
screenshot_3434.png,2f22ck,0
screenshot_3435.png,hrwq,0
screenshot_3436.png,7tqu,0
screenshot_3437.png,vpa9,0
screenshot_3438.png,fismue,0
screenshot_3439.png,ebzr3,0
screenshot_3440.png,k85x,0
screenshot_3441.png,mmk2u,0
screenshot_3442.png,b8fv,0
screenshot_3443.png,8p882u,0
screenshot_3444.png,jx534,0
screenshot_3445.png,ikewr,0
screenshot_3446.png,gt49cr,0
screenshot_3447.png,2s3vf9,0
screenshot_3448.png,e7x5bf,0
screenshot_3450.png,h6j3i,0
screenshot_3451.png,a7hnd,0
screenshot_3452.png,ssaxq7,0
screenshot_3453.png,4nej,0
screenshot_3454.png,64dj7y,0
screenshot_3455.png,vjjb,0
screenshot_3456.png,szsv2,0
screenshot_3457.png,gievey,0
screenshot_3458.png,c4v74q,0
screenshot_3459.png,tfa4,0
screenshot_3460.png,tbnm,0
screenshot_3461.png,jmun,0
screenshot_3462.png,5kam3v,0
screenshot_3463.png,4a3z2b,0
screenshot_3464.png,fmmfx,0
screenshot_3465.png,bjsx,0
screenshot_3466.png,h879m,0
screenshot_3467.png,iqf6q6,0
screenshot_3468.png,eiqd5,0
screenshot_3469.png,gg76r,0
screenshot_3470.png,zrc9zb,0
screenshot_3471.png,ukjd8q,0
screenshot_3472.png,nudm,0
screenshot_3473.png,5fxcd8,0
screenshot_3474.png,98zbb,0
screenshot_3475.png,zpfi,0
screenshot_3476.png,am9743,0
screenshot_3477.png,heua9g,0
screenshot_3478.png,yydcv,0
screenshot_3479.png,ndpg9,0
screenshot_3480.png,zshyeb,0
screenshot_3481.png,istk,0
screenshot_3482.png,vsz7k,0
screenshot_3483.png,wzf7,0
screenshot_3484.png,xrfx,0
screenshot_3485.png,932i,0
screenshot_3486.png,dgwc2,0
screenshot_3487.png,a8bs,0
screenshot_3488.png,9rsv,0
screenshot_3489.png,ipid,0
screenshot_3490.png,89qn,0
screenshot_3491.png,ngp3nq,0
screenshot_3492.png,grb3,0
screenshot_3493.png,bu8v,0
screenshot_3494.png,nusiqh,0
screenshot_3495.png,ejyy,0
screenshot_3496.png,w5y72x,0
screenshot_3497.png,r3t36,0
screenshot_3498.png,3u2i3,0
screenshot_3499.png,cwxnwn,0
screenshot_3500.png,hzrict,0
screenshot_3501.png,tvcjbr,0
screenshot_3502.png,35cfu,0
screenshot_3503.png,afqrg,0
screenshot_3504.png,ndsdt,0
screenshot_3505.png,snjipe,0
screenshot_3506.png,btt8,0
screenshot_3507.png,ps6ybv,0
screenshot_3508.png,ng7c,0
screenshot_3509.png,hyr5c3,0
screenshot_3510.png,hm3i,0
screenshot_3511.png,r65wf,0
screenshot_3512.png,tu7ykv,0
screenshot_3513.png,nkef,0
screenshot_3514.png,chav,0
screenshot_3515.png,id4ju,0
screenshot_3516.png,8wh6,0
screenshot_3517.png,4u23v,0
screenshot_3519.png,iwx4p,0
screenshot_3520.png,nstg6,0
screenshot_3521.png,c6hf7m,0
screenshot_3522.png,8dygbj,0
screenshot_3523.png,75i25,0
screenshot_3524.png,98n4mb,0
screenshot_3525.png,kymdt5,0
screenshot_3526.png,pky2i,0
screenshot_3527.png,u925,0
screenshot_3528.png,drk4,0
screenshot_3529.png,xem7,0
screenshot_3530.png,k9y5g,0
screenshot_3531.png,chqqd,0
screenshot_3532.png,c9km,0
screenshot_3533.png,5ckgd,0
screenshot_3534.png,5kp9,0
screenshot_3535.png,dxsp38,0
screenshot_3536.png,r2ts,0
screenshot_3537.png,whf8xf,0
screenshot_3538.png,y9hqj,0
screenshot_3539.png,5gmxqc,0
screenshot_3540.png,cju24,0
screenshot_3541.png,v9ptgv,0
screenshot_3542.png,av7kv8,0
screenshot_3543.png,ms3q,0
screenshot_3544.png,5fk9,0
screenshot_3545.png,m2hf,0
screenshot_3546.png,7qw4hp,0
screenshot_3547.png,aqfx8,0
screenshot_3548.png,bvfe,0
screenshot_3549.png,i4mva,0
screenshot_3550.png,5idg,0
screenshot_3551.png,9bmkza,0
screenshot_3552.png,m4bq3,0
screenshot_3553.png,x8iis9,0
screenshot_3554.png,6hdaud,0
screenshot_3555.png,n29h3,0
screenshot_3556.png,5sm6,0
screenshot_3557.png,j72nu,0
screenshot_3558.png,5upcci,0
screenshot_3559.png,6xomhg,0
screenshot_3560.png,a5gms,0
screenshot_3561.png,w59z,0
screenshot_3562.png,yvn8f,0
screenshot_3563.png,a28r45,0
screenshot_3564.png,9g2nv2,0
screenshot_3565.png,77qiga,0
screenshot_3566.png,j5aem,0
screenshot_3567.png,cbaq67,0
screenshot_3568.png,kh5q,0
screenshot_3569.png,bk925,0
screenshot_3570.png,nsnf8s,0
screenshot_3571.png,qaby,0
screenshot_3572.png,id3w,0
screenshot_3573.png,dvtpy,0
screenshot_3574.png,ma9bc,0
screenshot_3575.png,fs2ig,0
screenshot_3576.png,sdv9,0
screenshot_3577.png,2rch,0
screenshot_3578.png,sy8py8,0
screenshot_3579.png,9f59m,0
screenshot_3580.png,6rtu,0
screenshot_3581.png,6qfb3,0
screenshot_3582.png,z7xus,0
screenshot_3583.png,8rsvd,0
screenshot_3584.png,ezma,0
screenshot_3586.png,be4f53,0
screenshot_3587.png,t9zht,0
screenshot_3588.png,vpqv2,0
screenshot_3589.png,7zg9g,0
screenshot_3590.png,cp6sv,0
screenshot_3591.png,2six,0
screenshot_3592.png,2c7j,0
screenshot_3593.png,5zv3,0
screenshot_3594.png,erpx,0
screenshot_3595.png,9b2z9,0
screenshot_3596.png,5fk5ji,0
screenshot_3597.png,dnb4,0
screenshot_3598.png,6x865,0
screenshot_3599.png,17xp6t,0
screenshot_3600.png,de78q,0
screenshot_3601.png,vs4h9e,0
screenshot_3602.png,92rj,0
screenshot_3603.png,g6z9e5,0
screenshot_3604.png,werxs,0
screenshot_3605.png,v9b8,0
screenshot_3606.png,m6wrav,0
screenshot_3608.png,m4gm,0
screenshot_3609.png,mrqxke,0
screenshot_3610.png,hnhdh,0
screenshot_3611.png,pny2k,0
screenshot_3612.png,6mye7q,0
screenshot_3613.png,t85a4p,0
screenshot_3614.png,pyup,0
screenshot_3615.png,pn4w,0
screenshot_3616.png,avya,0
screenshot_3617.png,953986,0
screenshot_3618.png,zgsu8w,0
screenshot_3619.png,4v23t,0
screenshot_3620.png,g6nxhi,0
screenshot_3621.png,rf4t9v,0
screenshot_3622.png,8ywnvk,0
screenshot_3623.png,ihz3ie,0
screenshot_3624.png,uqau,0
screenshot_3625.png,5nrezc,0
screenshot_3626.png,8p7bpu,0
screenshot_3627.png,ubhyy,0
screenshot_3628.png,r94sj,0
screenshot_3629.png,z72953,0
screenshot_3630.png,zquy8,0
screenshot_3631.png,awds,0
screenshot_3632.png,xq8h,0
screenshot_3633.png,2qk4wj,0
screenshot_3634.png,385xm,0
screenshot_3635.png,t52t,0
screenshot_3636.png,cb4i6,0
screenshot_3637.png,3rbeh,0
screenshot_3638.png,3kph,0
screenshot_3639.png,zu33,0
screenshot_3640.png,5ka8,0
screenshot_3641.png,y23y,0
screenshot_3642.png,jfrq,0
screenshot_3643.png,4qdme,0
screenshot_3644.png,4uqkcw,0
screenshot_3645.png,2x9s,0
screenshot_3646.png,yudpm,0
screenshot_3647.png,q2quh,0
screenshot_3648.png,4qepk,0
screenshot_3649.png,nxas99,0
screenshot_3650.png,nainvs,0
screenshot_3651.png,zn3kx,0
screenshot_3652.png,w6vvcw,0
screenshot_3653.png,ik625v,0
screenshot_3654.png,c9wn5,0
screenshot_3655.png,zd35zx,0
screenshot_3656.png,epr6,0
screenshot_3657.png,8mye4c,0
screenshot_3658.png,mwvxr8,0
screenshot_3659.png,k33u2,0
screenshot_3660.png,2xs9eu,0
screenshot_3661.png,jzyqu,0
screenshot_3662.png,rkyp,0
screenshot_3663.png,n3m8,0
screenshot_3664.png,kmmvk5,0
screenshot_3665.png,u3mf67,0
screenshot_3666.png,adrc,0
screenshot_3667.png,wq85j,0
screenshot_3668.png,m4cpd,0
screenshot_3669.png,5pap,0
screenshot_3670.png,3ujfim,0
screenshot_3671.png,aej36r,0
screenshot_3672.png,2b83pq,0
screenshot_3673.png,ubsz5,0
screenshot_3674.png,ux9s,0
screenshot_3675.png,s5rd,0
screenshot_3676.png,h9g3gb,0
screenshot_3677.png,vatj,0
screenshot_3678.png,2vkc5,0
screenshot_3679.png,6pbeur,0
screenshot_3680.png,vr2yc,0
screenshot_3681.png,si8f3,0
screenshot_3682.png,uba8v,0
screenshot_3683.png,g9tt,0
screenshot_3684.png,qf36,0
screenshot_3685.png,jxpm,0
screenshot_3686.png,i6yh,0
screenshot_3687.png,w3exd,0
screenshot_3688.png,7ywjms,0
screenshot_3689.png,r2uh7y,0
screenshot_3690.png,q7sb77,0
screenshot_3691.png,5qpw,0
screenshot_3692.png,kzkzj6,0
screenshot_3693.png,t5fv,0
screenshot_3694.png,y57p4,0
screenshot_3695.png,hd7p,0
screenshot_3696.png,k7q78t,0
screenshot_3697.png,ein2i,0
screenshot_3698.png,uh9ir,0
screenshot_3699.png,pg2a8,0
screenshot_3700.png,uxcsp,0
screenshot_3701.png,szxzrq,0
screenshot_3702.png,e89u8,0
screenshot_3703.png,nfwk,0
screenshot_3704.png,tkeb6,0
screenshot_3705.png,pad53e,0
screenshot_3706.png,8uz93v,0
screenshot_3707.png,3wbpmz,0
screenshot_3708.png,cegdk,0
screenshot_3709.png,t67k2,0
screenshot_3710.png,4hx3p,0
screenshot_3711.png,4zvhb,0
screenshot_3712.png,gi6yf,0
screenshot_3713.png,wtex,0
screenshot_3714.png,cuvcbj,0
screenshot_3715.png,9arsv,0
screenshot_3716.png,8ygq,0
screenshot_3717.png,imeqx,0
screenshot_3718.png,2sqbz,0
screenshot_3719.png,tgrjq,0
screenshot_3720.png,9eu82,0
screenshot_3721.png,83sic,0
screenshot_3722.png,ef4n2,0
screenshot_3723.png,wvu8gs,0
screenshot_3724.png,afxn,0
screenshot_3725.png,58ft2j,0
screenshot_3726.png,gz63,0
screenshot_3727.png,y779,0
screenshot_3728.png,qdr4,0
screenshot_3729.png,i73th,0
screenshot_3730.png,8a3f,0
screenshot_3731.png,3fcx,0
screenshot_3732.png,fg3i,0
screenshot_3733.png,b3ni,0
screenshot_3735.png,9vfu,0
screenshot_3736.png,z536gu,0
screenshot_3737.png,gt7q,0
screenshot_3738.png,p83h,0
screenshot_3739.png,z3h7,0
screenshot_3740.png,ua6b,0
screenshot_3741.png,desq,0
screenshot_3742.png,j3n4t,0
screenshot_3743.png,vy55d,0
screenshot_3744.png,sazsg2,0
screenshot_3745.png,x36pc8,0
screenshot_3746.png,e7ax24,0
screenshot_3748.png,rkkk7,0
screenshot_3749.png,i4g5,0
screenshot_3750.png,hxb6w,0
screenshot_3751.png,2zrtt,0
screenshot_3752.png,8nmwa,0
screenshot_3753.png,mxsf,0
screenshot_3754.png,mmm8,0
screenshot_3756.png,ijp4,0
screenshot_3757.png,dyqk3n,0
screenshot_3758.png,nev68,0
screenshot_3759.png,enme8,0
screenshot_3760.png,tm5qed,0
screenshot_3761.png,fwzxd,0
screenshot_3762.png,ngf5,0
screenshot_3763.png,39tha,0
screenshot_3764.png,nds4,0
screenshot_3765.png,ykcss,0
screenshot_3766.png,4as4k,0
screenshot_3767.png,99yc,0
screenshot_3768.png,7c8e,0
screenshot_3769.png,rxup,0
screenshot_3770.png,ymuw5,0
screenshot_3771.png,kw6i82,0
screenshot_3772.png,p8nw6r,0
screenshot_3773.png,rwt5ng,0
screenshot_3774.png,untq,0
screenshot_3775.png,cdq2,0
screenshot_3776.png,hkntu,0
screenshot_3777.png,8dtrw,0
screenshot_3778.png,hb6gqb,0
screenshot_3779.png,g6cg,0
screenshot_3780.png,ypy5t,0
screenshot_3781.png,p86g,0
screenshot_3782.png,hnk4x,0
screenshot_3783.png,mk2p,0
screenshot_3784.png,x8e9,0
screenshot_3785.png,wve4hd,0
screenshot_3786.png,7ynp,0
screenshot_3787.png,a9ube,0
screenshot_3788.png,rd5q,0
screenshot_3789.png,tjxf,0
screenshot_3790.png,c459,0
screenshot_3791.png,n5nyc,0
screenshot_3792.png,dzfiuk,0
screenshot_3793.png,q6han,0
screenshot_3794.png,xgy37b,0
screenshot_3795.png,2y3vmm,0
screenshot_3796.png,uc67xg,0
screenshot_3797.png,qpemw,0
screenshot_3798.png,2xs82,0
screenshot_3799.png,caiu5,0
screenshot_3800.png,4ja7,0
screenshot_3801.png,4een,0
screenshot_3802.png,uy86u,0
screenshot_3803.png,b3efvf,0
screenshot_3804.png,diny,0
screenshot_3805.png,wumhh3,0
screenshot_3806.png,cmi8,0
screenshot_3807.png,xmizu5,0
screenshot_3808.png,6eap,0
screenshot_3809.png,hbcf,0
screenshot_3810.png,56t4f,0
screenshot_3811.png,famtt3,0
screenshot_3812.png,s9688,0
screenshot_3813.png,zrmcx,0
screenshot_3814.png,5vqqft,0
screenshot_3815.png,5zjhz,0
screenshot_3816.png,c9gz,0
screenshot_3817.png,fny4,0
screenshot_3818.png,h694ve,0
screenshot_3819.png,w7rgw2,0
screenshot_3820.png,252t,0
screenshot_3821.png,xn5v,0
screenshot_3823.png,h2sahw,0
screenshot_3824.png,fu56,0
screenshot_3825.png,73p8,0
screenshot_3826.png,rcpsgf,0
screenshot_3827.png,4ate,0
screenshot_3828.png,pqjhm,0
screenshot_3829.png,76tv,0
screenshot_3830.png,naiv,0
screenshot_3831.png,dircv,0
screenshot_3832.png,9j3h,0
screenshot_3833.png,npwj4n,0
screenshot_3834.png,fbn9i2,0
screenshot_3835.png,uy6h5,0
screenshot_3836.png,i6qu6w,0
screenshot_3837.png,aq9puf,0
screenshot_3838.png,8nebxh,0
screenshot_3839.png,9b79,0
screenshot_3840.png,akdw,0
screenshot_3841.png,idgsa,0
screenshot_3842.png,qc3mx,0
screenshot_3843.png,ggziyz,0
screenshot_3844.png,6av8,0
screenshot_3845.png,q43gtf,0
screenshot_3846.png,dcib,0
screenshot_3847.png,fjr78s,0
screenshot_3848.png,ipejwb,0
screenshot_3849.png,qh7b,0
screenshot_3850.png,574i,0
screenshot_3851.png,63pa8,0
screenshot_3852.png,ku2b5e,0
screenshot_3853.png,kjqpm,0
screenshot_3854.png,ye5i,0
screenshot_3855.png,ewqyf,0
screenshot_3856.png,vz3pqz,0
screenshot_3857.png,795s,0
screenshot_3858.png,u6gx,0
screenshot_3859.png,57hw9w,0
screenshot_3860.png,kn4m26,0
screenshot_3861.png,hcvp,0
screenshot_3862.png,tubin,0
screenshot_3863.png,2qwk7,0
screenshot_3864.png,v5pt,0
screenshot_3865.png,iymqp,0
screenshot_3866.png,65x4,0
screenshot_3867.png,mt7k58,0
screenshot_3869.png,njkt2p,0
screenshot_3870.png,rpzt,0
screenshot_3871.png,687wv,0
screenshot_3872.png,97cqx,0
screenshot_3873.png,3mcpes,0
screenshot_3874.png,h2dvz5,0
screenshot_3875.png,2yr8uj,0
screenshot_3876.png,ed9wtd,0
screenshot_3877.png,vfukp,0
screenshot_3878.png,i6sy,0
screenshot_3879.png,nbzp,0
screenshot_3880.png,2mtu,0
screenshot_3881.png,7wc8,0
screenshot_3882.png,tafxf3,0
screenshot_3883.png,4vw9,0
screenshot_3884.png,t3fxy,0
screenshot_3885.png,bvia,0
screenshot_3886.png,8gwn,0
screenshot_3887.png,avf8nt,0
screenshot_3888.png,yug3cf,0
screenshot_3889.png,ekykra,0
screenshot_3891.png,weit,0
screenshot_3892.png,viy2n,0
screenshot_3893.png,3cxku,0
screenshot_3894.png,dxv2,0
screenshot_3895.png,235j,0
screenshot_3896.png,7puf,0
screenshot_3897.png,7st9ye,0
screenshot_3898.png,kv9qbq,0
screenshot_3899.png,aiyuvz,0
screenshot_3900.png,b3sawf,0
screenshot_3901.png,xxus,0
screenshot_3902.png,512y,0
screenshot_3903.png,amy9,0
screenshot_3904.png,9c6whq,0
screenshot_3905.png,4sny8c,0
screenshot_3906.png,psxg,0
screenshot_3907.png,jspyp,0
screenshot_3908.png,4ejss,0
screenshot_3909.png,wfzas,0
screenshot_3910.png,i67g4i,0
screenshot_3911.png,cm4ej8,0
screenshot_3912.png,cv34ny,0
screenshot_3913.png,vsq65,0
screenshot_3914.png,y9vvt9,0
screenshot_3915.png,d2wa,0
screenshot_3916.png,3afvrw,0
screenshot_3917.png,a83qas,0
screenshot_3918.png,bqtwy,0
screenshot_3919.png,f9gz5,0
screenshot_3920.png,wn2mf,0
screenshot_3921.png,6nrsm,0
screenshot_3922.png,9y8w,0
screenshot_3923.png,er99i,0
screenshot_3924.png,3uheut,0
screenshot_3925.png,2r5etd,0
screenshot_3926.png,awbec3,0
screenshot_3927.png,s5ar,0
screenshot_3929.png,xnv4,0
screenshot_3930.png,ig24,0
screenshot_3931.png,dbqvz,0
screenshot_3932.png,rfyr3c,0
screenshot_3933.png,4qgk,0
screenshot_3934.png,ewrg,0
screenshot_3935.png,zigr,0
screenshot_3936.png,4bc3c,0
screenshot_3937.png,aysyqf,0
screenshot_3938.png,jg26z,0
screenshot_3939.png,isa4s,0
screenshot_3940.png,m9jr,0
screenshot_3941.png,97pfa,0
screenshot_3942.png,ghq7ie,0
screenshot_3943.png,ssb4,0
screenshot_3944.png,2ryzn8,0
screenshot_3945.png,t3wr,0
screenshot_3946.png,5bym8,0
screenshot_3947.png,mhqv,0
screenshot_3948.png,k9ez,0
screenshot_3949.png,6acz3b,0
screenshot_3950.png,mtj3w,0
screenshot_3951.png,3nbh,0
screenshot_3952.png,seiyhj,0
screenshot_3953.png,b629,0
screenshot_3954.png,badbi,0
screenshot_3955.png,kdsg,0
screenshot_3956.png,x9yh,0
screenshot_3957.png,xd77,0
screenshot_3958.png,2qy2,0
screenshot_3959.png,xnkz,0
screenshot_3960.png,9je2,0
screenshot_3962.png,bu9ubx,0
screenshot_3963.png,r5dz,0
screenshot_3964.png,vypb,0
screenshot_3965.png,6agcq,0
screenshot_3966.png,z89ks,0
screenshot_3967.png,prer,0
screenshot_3968.png,y3g2,0
screenshot_3969.png,95ss,0
screenshot_3970.png,439ktz,0
screenshot_3971.png,mz56,0
screenshot_3972.png,6p3j6,0
screenshot_3973.png,i5v2yp,0
screenshot_3974.png,rz8pj8,0
screenshot_3975.png,kzbjs,0
screenshot_3976.png,typri,0
screenshot_3977.png,j5ptt,0
screenshot_3978.png,56w4,0
screenshot_3979.png,k94mpk,0
screenshot_3980.png,gp9x9,0
screenshot_3981.png,cwt48k,0
screenshot_3982.png,mc7ta,0
screenshot_3983.png,vk5u,0
screenshot_3984.png,gqnnpm,0
screenshot_3985.png,nrxpia,0
screenshot_3986.png,ynhyg,0
screenshot_3987.png,jfpk,0
screenshot_3988.png,i3euxd,0
screenshot_3989.png,jvg4b3,0
screenshot_3990.png,8d4u,0
screenshot_3991.png,hixk9,0
screenshot_3992.png,xsjae,0
screenshot_3993.png,vby4,0
screenshot_3994.png,fext,0
screenshot_3995.png,t9brc,0
screenshot_3997.png,adjprf,0
screenshot_3998.png,giki,0
screenshot_3999.png,vej2y,0
screenshot_4000.png,ijayp,0
screenshot_4001.png,cq89zp,0
screenshot_4002.png,6khnb6,0
screenshot_4003.png,9dcfy,0
screenshot_4004.png,bj7g,0
screenshot_4005.png,9mrcmc,0
screenshot_4007.png,63z8x,0
screenshot_4008.png,6tnxr4,0
screenshot_4009.png,2hesj,0
screenshot_4010.png,tbimq3,0
screenshot_4011.png,yry9d,0
screenshot_4012.png,5waqn,0
screenshot_4013.png,tiem2,0
screenshot_4014.png,6nx9,0
screenshot_4015.png,dbie4,0
screenshot_4016.png,un9vza,0
screenshot_4017.png,u5wr,0
screenshot_4018.png,dtycu,0
screenshot_4019.png,egphd,0
screenshot_4020.png,64w8nf,0
screenshot_4021.png,3p54r,0
screenshot_4022.png,5xdk,0
screenshot_4024.png,f5g2h,0
screenshot_4025.png,7i74jz,0
screenshot_4026.png,u2tvx,0
screenshot_4027.png,5f4q2,0
screenshot_4028.png,rk37,0
screenshot_4029.png,24sit,0
screenshot_4030.png,vie6h,0
screenshot_4031.png,m2xc2,0
screenshot_4032.png,a6b7,0
screenshot_4033.png,3t3x5,0
screenshot_4034.png,xza9dw,0
screenshot_4035.png,c62ry,0
screenshot_4036.png,vjd2f,0
screenshot_4037.png,fstav6,0
screenshot_4038.png,c2wt,0
screenshot_4039.png,rdnca,0
screenshot_4040.png,hxpwr,0
screenshot_4041.png,dhiw5,0
screenshot_4042.png,df3fti,0
screenshot_4044.png,8cqwc,0
screenshot_4045.png,xctz,0
screenshot_4046.png,xi4cp,0
screenshot_4047.png,avirzm,0
screenshot_4048.png,mxqa,0
screenshot_4049.png,ipuc,0
screenshot_4050.png,k38u2,0
screenshot_4051.png,dzm4f4,0
screenshot_4052.png,kxmfk,0
screenshot_4053.png,y4g3rr,0
screenshot_4054.png,rmsc,0
screenshot_4055.png,swevt,0
screenshot_4056.png,jngcu,0
screenshot_4057.png,ma86w,0
screenshot_4058.png,ncqz2,0
screenshot_4059.png,rczks,0
screenshot_4060.png,784m,0
screenshot_4061.png,xzz7,0
screenshot_4062.png,iuc9,0
screenshot_4063.png,w5e7,0
screenshot_4064.png,mjsp,0
screenshot_4065.png,id9fg,0
screenshot_4066.png,yyi9,0
screenshot_4067.png,rb3p,0
screenshot_4068.png,f56964,0
screenshot_4069.png,w4tv,0
screenshot_4070.png,rpvb2,0
screenshot_4071.png,9e7eai,0
screenshot_4072.png,mpbc6y,0
screenshot_4073.png,kxgf,0
screenshot_4074.png,pmt2,0
screenshot_4075.png,26q3i3,0
screenshot_4076.png,666b,0
screenshot_4077.png,p9vwu,0
screenshot_4079.png,t3q2,0
screenshot_4080.png,cvuv,0
screenshot_4081.png,xafxm,0
screenshot_4082.png,aqdbk2,0
screenshot_4083.png,a7qk,0
screenshot_4084.png,x5ku,0
screenshot_4085.png,gbgg,0
screenshot_4086.png,g32sa,0
screenshot_4087.png,qczc,0
screenshot_4088.png,55hy6,0
screenshot_4089.png,4aukh,0
screenshot_4090.png,smxk5m,0
screenshot_4091.png,hrypa,0
screenshot_4092.png,timu8q,0
screenshot_4093.png,557v5,0
screenshot_4094.png,srp68j,0
screenshot_4095.png,iac9,0
screenshot_4096.png,stmrnr,0
screenshot_4097.png,2vmdu,0
screenshot_4098.png,iybeu9,0
screenshot_4099.png,5yhuu,0
screenshot_4100.png,4v9krm,0
screenshot_4102.png,fc7b,0
screenshot_4103.png,g3qie,0
screenshot_4104.png,kfev,0
screenshot_4105.png,p9hw5,0
screenshot_4106.png,rb9p7q,0
screenshot_4107.png,4ep5k,0
screenshot_4108.png,snnf,0
screenshot_4109.png,5geuz,0
screenshot_4110.png,giu75,0
screenshot_4111.png,f2kj8,0
screenshot_4112.png,dm6pj9,0
screenshot_4113.png,mkwg5r,0
screenshot_4114.png,g75b5,0
screenshot_4115.png,n7qt,0
screenshot_4116.png,cg3eiw,0
screenshot_4117.png,66hnv,0
screenshot_4118.png,ew86,0
screenshot_4119.png,pmiq,0
screenshot_4120.png,h3aq,0
screenshot_4121.png,7b7e,0
screenshot_4122.png,kzpm8,0
screenshot_4123.png,9w4cf5,0
screenshot_4124.png,s4x84,0
screenshot_4125.png,ki735,0
screenshot_4126.png,n6xvx,0
screenshot_4127.png,zidbe,0
screenshot_4128.png,xua8,0
screenshot_4130.png,2ws4,0
screenshot_4131.png,ki2w46,0
screenshot_4132.png,cct3,0
screenshot_4133.png,nwkw4q,0
screenshot_4134.png,mp5s,0
screenshot_4135.png,ybs2y,0
screenshot_4136.png,kxu2m,0
screenshot_4137.png,p9k9xk,0
screenshot_4138.png,w6du6f,0
screenshot_4139.png,2jh9th,0
screenshot_4140.png,m844,0
screenshot_4141.png,ttac5,0
screenshot_4142.png,ks8n8,0
screenshot_4143.png,ekwe,0
screenshot_4144.png,2bxb8x,0
screenshot_4145.png,rwe9d,0
screenshot_4146.png,v55v,0
screenshot_4147.png,fktshj,0
screenshot_4148.png,vwbpq,0
screenshot_4149.png,uh2mbf,0
screenshot_4150.png,r9b9i7,0
screenshot_4151.png,584fq,0
screenshot_4152.png,yrd7c,0
screenshot_4153.png,2si2,0
screenshot_4154.png,xrxgt,0
screenshot_4155.png,snvn82,0
screenshot_4156.png,di6uz,0
screenshot_4157.png,krimj,0
screenshot_4158.png,4jdyjh,0
screenshot_4159.png,urqa5,0
screenshot_4160.png,gpxu7x,0
screenshot_4161.png,58akc,0
screenshot_4162.png,q52r32,0
screenshot_4163.png,te5hx,0
screenshot_4164.png,j4in4,0
screenshot_4165.png,fb3h,0
screenshot_4166.png,bp3uwp,0
screenshot_4167.png,3fh465,0
screenshot_4168.png,2i8n,0
screenshot_4169.png,hsj84,0
screenshot_4170.png,ijis,0
screenshot_4171.png,hy44qe,0
screenshot_4172.png,gq4x7,0
screenshot_4173.png,qcmgi,0
screenshot_4174.png,zawdat,0
screenshot_4175.png,8hfcbs,0
screenshot_4176.png,6vyd4,0
screenshot_4177.png,umtfqv,0
screenshot_4179.png,urkt6p,0
screenshot_4180.png,qfagts,0
screenshot_4181.png,c9q4,0
screenshot_4182.png,vxuw,0
screenshot_4183.png,h25wc,0
screenshot_4184.png,t6ca,0
screenshot_4185.png,fyp73,0
screenshot_4186.png,wa9gck,0
screenshot_4187.png,m7gu,0
screenshot_4188.png,w5rt58,0
screenshot_4189.png,79ba,0
screenshot_4190.png,nukn,0
screenshot_4191.png,m65gi,0
screenshot_4192.png,4npwys,0
screenshot_4193.png,haas,0
screenshot_4194.png,88i6,0
screenshot_4195.png,rnc3pa,0
screenshot_4196.png,audih,0
screenshot_4197.png,7jd6,0
screenshot_4198.png,4ss7yn,0
screenshot_4199.png,wudrqz,0
screenshot_4200.png,uhgk,0
screenshot_4201.png,2a33,0
screenshot_4203.png,694vi,0
screenshot_4204.png,4p43,0
screenshot_4205.png,dy2q,0
screenshot_4206.png,dpuw,0
screenshot_4208.png,yctp,0
screenshot_4209.png,9au3,0
screenshot_4210.png,6xyz,0
screenshot_4211.png,kamvh,0
screenshot_4212.png,2pni4s,0
screenshot_4213.png,7azhx,0
screenshot_4214.png,src2be,0
screenshot_4215.png,cbv2,0
screenshot_4217.png,ydhx,0
screenshot_4218.png,c3k3,0
screenshot_4219.png,phn2,0
screenshot_4220.png,q33tp,0
screenshot_4221.png,yw6u,0
screenshot_4222.png,hr7c,0
screenshot_4223.png,6dn7k,0
screenshot_4224.png,3jz7j,0
screenshot_4225.png,m5kw2,0
screenshot_4226.png,y6tsm,0
screenshot_4227.png,22wbeg,0
screenshot_4228.png,g3mq8,0
screenshot_4229.png,vyhin,0
screenshot_4230.png,qr2y,0
screenshot_4231.png,ngeh9,0
screenshot_4232.png,56mck9,0
screenshot_4233.png,276v,0
screenshot_4234.png,amcr,0
screenshot_4235.png,vcps,0
screenshot_4236.png,fa4j5,0
screenshot_4237.png,vxnjz7,0
screenshot_4238.png,xz9gy,0
screenshot_4239.png,hxrksa,0
screenshot_4240.png,uctj,0
screenshot_4241.png,6eb6,0
screenshot_4242.png,chiq6,0
screenshot_4243.png,gv7fdz,0
screenshot_4244.png,hs3mf,0
screenshot_4245.png,3zyn3,0
screenshot_4246.png,wuzd,0
screenshot_4247.png,jprq9,0
screenshot_4248.png,x5hz,0
screenshot_4250.png,cb4wvg,0
screenshot_4251.png,8f89,0
screenshot_4252.png,z29rb,0
screenshot_4253.png,q7en,0
screenshot_4254.png,gwxe,0
screenshot_4255.png,ysvrg,0
screenshot_4256.png,pzns,0
screenshot_4257.png,kg3f,0
screenshot_4258.png,izc8d2,0
screenshot_4259.png,ri7st,0
screenshot_4260.png,uneigi,0
screenshot_4261.png,iggyf,0
screenshot_4262.png,msid,0
screenshot_4263.png,2cd5zb,0
screenshot_4264.png,pdwwq,0
screenshot_4265.png,pqk4,0
screenshot_4266.png,73msf,0
screenshot_4267.png,jz72xv,0
screenshot_4268.png,9b3a,0
screenshot_4269.png,nv6j,0
screenshot_4270.png,ftvkb,0
screenshot_4271.png,syght,0
screenshot_4272.png,jfk36,0
screenshot_4273.png,x3dwne,0
screenshot_4274.png,th6gu,0
screenshot_4275.png,8jzxfi,0
screenshot_4276.png,4ftw,0
screenshot_4277.png,r897yz,0
screenshot_4278.png,hgvhe,0
screenshot_4279.png,nyp75,0
screenshot_4280.png,gt2ah,0
screenshot_4281.png,w5vbrv,0
screenshot_4282.png,b55hk,0
screenshot_4283.png,jp45ha,0
screenshot_4284.png,s2zw,0
screenshot_4285.png,wcxd8p,0
screenshot_4286.png,67c2r,0
screenshot_4287.png,4aie2,0
screenshot_4288.png,kr9n,0
screenshot_4289.png,4dzdk,0
screenshot_4290.png,fbcv,0
screenshot_4291.png,zmybik,0
screenshot_4292.png,cm56,0
screenshot_4293.png,ar2wx,0
screenshot_4294.png,mgc7,0
screenshot_4295.png,wewrpc,0
screenshot_4296.png,xjqwms,0
screenshot_4297.png,fv7kv,0
screenshot_4298.png,ae9ss,0
screenshot_4299.png,4gkvk,0
screenshot_4300.png,28mur,0
screenshot_4301.png,i3mr,0
screenshot_4302.png,9n6r,0
screenshot_4303.png,n6uuw6,0
screenshot_4304.png,wiutfj,0
screenshot_4305.png,whkrmy,0
screenshot_4306.png,ixfqx,0
screenshot_4307.png,b2kwu,0
screenshot_4308.png,ix2ay5,0
screenshot_4309.png,9d3h,0
screenshot_4310.png,k8vzj,0
screenshot_4311.png,ghh4,0
screenshot_4312.png,bk6tq4,0
screenshot_4313.png,hmtc,0
screenshot_4314.png,ugyd4e,0
screenshot_4316.png,s8kv,0
screenshot_4317.png,46a9u,0
screenshot_4318.png,fu7z,0
screenshot_4319.png,chhz6c,0
screenshot_4320.png,xk3rga,0
screenshot_4321.png,arccr3,0
screenshot_4322.png,jxgapk,0
screenshot_4323.png,swqs8,0
screenshot_4324.png,w9yqem,0
screenshot_4325.png,9hxn,0
screenshot_4326.png,j8322w,0
screenshot_4327.png,she7,0
screenshot_4328.png,7esaa,0
screenshot_4329.png,sm82b5,0
screenshot_4330.png,ajdjpe,0
screenshot_4331.png,vuwvq,0
screenshot_4332.png,rg4ta,0
screenshot_4333.png,vt3e7j,0
screenshot_4334.png,tj87ut,0
screenshot_4335.png,bwcmvk,0
screenshot_4336.png,ayj3z,0
screenshot_4337.png,z5be4,0
screenshot_4338.png,bfq5z,0
screenshot_4339.png,w26r,0
screenshot_4340.png,ugx54,0
screenshot_4341.png,jyh8,0
screenshot_4342.png,e37y,0
screenshot_4343.png,zebu8,0
screenshot_4344.png,b6c37a,0
screenshot_4345.png,qmuy,0
screenshot_4346.png,32p4r9,0
screenshot_4347.png,78wg9,0
screenshot_4348.png,craw,0
screenshot_4349.png,kesh7h,0
screenshot_4350.png,ppeh,0
screenshot_4351.png,5b68z,0
screenshot_4352.png,68wmc,0
screenshot_4353.png,xukf,0
screenshot_4354.png,tbt6u,0
screenshot_4355.png,r6749,0
screenshot_4356.png,3eb3mi,0
screenshot_4357.png,ha4m,0
screenshot_4358.png,istxes,0
screenshot_4359.png,ce86s,0
screenshot_4360.png,mwbdif,0
screenshot_4361.png,wyp7f,0
screenshot_4362.png,qnffes,0
screenshot_4365.png,xjax,0
screenshot_4366.png,tyg2,0
screenshot_4367.png,x23q,0
screenshot_4368.png,z5yeed,0
screenshot_4369.png,95xyq,0
screenshot_4370.png,qn2pvz,0
screenshot_4371.png,xhkj,0
screenshot_4372.png,ctt68a,0
screenshot_4373.png,rdtma,0
screenshot_4374.png,eh297t,0
screenshot_4376.png,9gw3kg,0
screenshot_4377.png,9zgj,0
screenshot_4378.png,tnn9pk,0
screenshot_4379.png,t8i8,0
screenshot_4380.png,3qme3z,0
screenshot_4381.png,purs,0
screenshot_4382.png,5euj,0
screenshot_4383.png,4m2fq3,0
screenshot_4384.png,9c2b,0
screenshot_4386.png,dk9xn8,0
screenshot_4387.png,b26y,0
screenshot_4388.png,3qmd,0
screenshot_4389.png,ky5h,0
screenshot_4390.png,34w6c,0
screenshot_4391.png,rubvcc,0
screenshot_4392.png,nm25,0
screenshot_4393.png,jyvds,0
screenshot_4394.png,vxn9v9,0
screenshot_4395.png,bdhv,0
screenshot_4396.png,p9sj,0
screenshot_4397.png,8fi578,0
screenshot_4398.png,ugub,0
screenshot_4399.png,87w26,0
screenshot_4400.png,xwi32x,0
screenshot_4401.png,a3w3a,0
screenshot_4402.png,ua7d,0
screenshot_4403.png,ngzr,0
screenshot_4404.png,r3n8r,0
screenshot_4405.png,e6kzuz,0
screenshot_4406.png,9iiv5,0
screenshot_4407.png,9bi4ip,0
screenshot_4408.png,jc3s,0
screenshot_4409.png,3eyvs,0
screenshot_4410.png,aptup,0
screenshot_4411.png,j44km,0
screenshot_4412.png,3gie,0
screenshot_4413.png,3dx26,0
screenshot_4414.png,cha9,0
screenshot_4415.png,48y2q,0
screenshot_4416.png,2perp,0
screenshot_4417.png,b435,0
screenshot_4418.png,gy7a9r,0
screenshot_4419.png,6qhmb4,0
screenshot_4420.png,cbd2n,0
screenshot_4421.png,2ny4y,0
screenshot_4422.png,i7sh3,0
screenshot_4423.png,qasxu,0
screenshot_4424.png,yqp3iq,0
screenshot_4425.png,gay5p,0
screenshot_4426.png,njey,0
screenshot_4427.png,a8imcy,0
screenshot_4428.png,pheaj,0
screenshot_4429.png,9ksg5,0
screenshot_4430.png,eity,0
screenshot_4431.png,j23i7j,0
screenshot_4432.png,pdzw,0
screenshot_4433.png,ucmm,0
screenshot_4434.png,5zgb3,0
screenshot_4435.png,n37p,0
screenshot_4436.png,undyh,0
screenshot_4437.png,t64646,0
screenshot_4438.png,6ud6ma,0
screenshot_4439.png,wtx3m,0
screenshot_4440.png,mpffw,0
screenshot_4441.png,q365,0
screenshot_4442.png,3kejja,0
screenshot_4443.png,254h,0
screenshot_4444.png,8d65,0
screenshot_4445.png,7u63p4,0
screenshot_4446.png,3u28,0
screenshot_4447.png,j9zbi,0
screenshot_4448.png,7jfrf8,0
screenshot_4449.png,srs84,0
screenshot_4450.png,me9y,0
screenshot_4452.png,tarfu3,0
screenshot_4453.png,5gar,0
screenshot_4454.png,e5c23f,0
screenshot_4455.png,jwbtz,0
screenshot_4456.png,yj4r,0
screenshot_4457.png,zcj5e6,0
screenshot_4458.png,rrvkxn,0
screenshot_4459.png,9cgpt,0
screenshot_4460.png,d66t4,0
screenshot_4461.png,f4amhx,0
screenshot_4462.png,kcx73n,0
screenshot_4463.png,mra5t,0
screenshot_4464.png,rxce,0
screenshot_4465.png,iusz2m,0
screenshot_4466.png,bfxa2m,0
screenshot_4467.png,2tjdd,0
screenshot_4468.png,fsdzcd,0
screenshot_4469.png,ntj45,0
screenshot_4470.png,zebant,0
screenshot_4471.png,bgiyyp,0
screenshot_4472.png,4ek72d,0
screenshot_4473.png,57cbpw,0
screenshot_4474.png,k5ti,0
screenshot_4475.png,3ny4tt,0
screenshot_4476.png,m2k4uy,0
screenshot_4477.png,a6w5,0
screenshot_4478.png,yp9q3,0
screenshot_4479.png,sxe6,0
screenshot_4480.png,jedbd,0
screenshot_4481.png,u92fx,0
screenshot_4482.png,dp8q6,0
screenshot_4483.png,ruwmw,0
screenshot_4484.png,m5hbmm,0
screenshot_4485.png,zc94br,0
screenshot_4486.png,qnjqqm,0
screenshot_4487.png,smaiq2,0
screenshot_4488.png,ien2js,0
screenshot_4490.png,qenr52,0
screenshot_4491.png,rkiizk,0
screenshot_4492.png,cmuh,0
screenshot_4493.png,ymjte,0
screenshot_4494.png,gd59,0
screenshot_4495.png,y9yvex,0
screenshot_4496.png,4879b,0
screenshot_4498.png,hra2m,0
screenshot_4499.png,eftnpi,0
screenshot_4750.png,gwdpu,0
screenshot_4751.png,m52wr,0
screenshot_4752.png,esffc,0
screenshot_4753.png,ciwdbj,0
screenshot_4754.png,4jru8z,0
screenshot_4755.png,yku8,0
screenshot_4756.png,bbfgf,0
screenshot_4757.png,p6rv,0
screenshot_4758.png,8dmjr,0
screenshot_4759.png,f9jexj,0
screenshot_4760.png,rue8w7,0
screenshot_4761.png,p3rhd,0
screenshot_4762.png,y99vie,0
screenshot_4763.png,6pmag,0
screenshot_4764.png,fmvnng,0
screenshot_4765.png,tjpn,0
screenshot_4766.png,pn9p,0
screenshot_4767.png,8n67,0
screenshot_4768.png,68ivr,0
screenshot_4769.png,8qqkp,0
screenshot_4770.png,ds2m,0
screenshot_4771.png,8ixfz,0
screenshot_4772.png,zbvmwm,0
screenshot_4773.png,vgfr7,0
screenshot_4774.png,w6pnk8,0
screenshot_4775.png,b9fqac,0
screenshot_4776.png,gdx2,0
screenshot_4777.png,3zkur9,0
screenshot_4778.png,pg86mz,0
screenshot_4779.png,mvtw,0
screenshot_4780.png,646q9,0
screenshot_4781.png,ncth7,0
screenshot_4782.png,k99hz,0
screenshot_4783.png,7c7g,0
screenshot_4784.png,zd8n,0
screenshot_4785.png,m565i,0
screenshot_4786.png,gvs5a6,0
screenshot_4787.png,ebkaq3,0
screenshot_4788.png,sabjv,0
screenshot_4789.png,qk85v,0
screenshot_4790.png,he8v6e,0
screenshot_4791.png,79gd79,0
screenshot_4792.png,ibmv,0
screenshot_4793.png,hnuh5b,0
screenshot_4794.png,8pmmx,0
screenshot_4795.png,nyryaz,0
screenshot_4796.png,xau89y,0
screenshot_4797.png,3iis,0
screenshot_4798.png,u5gz,0
screenshot_4799.png,t6qeh,0
screenshot_4800.png,nhaif,0
screenshot_4824.png,6v86,0
screenshot_4825.png,896qt,0
screenshot_4826.png,z4w6,0
screenshot_4827.png,iaez3,0
screenshot_4828.png,am7crm,0
screenshot_4829.png,9fpne,0
screenshot_4830.png,3ytaev,0
screenshot_4831.png,afprv,0
screenshot_4832.png,ykiyt,0
screenshot_4833.png,dbgd,0
screenshot_4834.png,9skn,0
screenshot_4835.png,pdgib,0
screenshot_4836.png,75dfnp,0
screenshot_4837.png,inxs,0
screenshot_4838.png,gmvkv,0
screenshot_4839.png,qayqt,0
screenshot_4840.png,p3mg7,0
screenshot_4841.png,78ezd,0
screenshot_4842.png,5bec,0
screenshot_4843.png,czimsk,0
screenshot_4844.png,xd7jt,0
screenshot_4845.png,msyq6,0
screenshot_4846.png,atva,0
screenshot_4847.png,u7xs2,0
screenshot_4848.png,7k2ga,0
screenshot_4849.png,473q,0
screenshot_4850.png,zdrch3,0
screenshot_4851.png,dz6kgd,0
screenshot_4852.png,edxkg,0
screenshot_4853.png,uv96,0
screenshot_4854.png,cqai,0
screenshot_4855.png,n3qj,0
screenshot_4856.png,rkp38,0
screenshot_4857.png,uq9,0
screenshot_4858.png,t8cc,0
screenshot_4859.png,jsfs64,0
screenshot_4860.png,94m5,0
screenshot_4861.png,sndpqa,0
screenshot_4862.png,rc2y,0
screenshot_4863.png,7bty,0
screenshot_4864.png,nbxu,0
screenshot_4865.png,seb3w,0
screenshot_4866.png,ft3wsi,0
screenshot_4867.png,kfwkj,0
screenshot_4868.png,9w7n,0
screenshot_4869.png,586rzy,0
screenshot_4870.png,cpu2eg,0
screenshot_4871.png,s5y8,0
screenshot_4872.png,c4zz,0
screenshot_4873.png,d8m6i,0
screenshot_4874.png,fb6z,0
screenshot_4875.png,a3tg4e,0
screenshot_4876.png,hcb7r,0
screenshot_4877.png,3522,0
screenshot_4878.png,qf4p,0
screenshot_4879.png,a8vxp,0
screenshot_4880.png,ftwdu,0
screenshot_4881.png,zfksp,0
screenshot_4882.png,pcmb,0
screenshot_4883.png,9248zj,0
screenshot_4884.png,qqcrt,0
screenshot_4885.png,rd9e3,0
screenshot_4886.png,bawf,0
screenshot_4887.png,cn3d,0
screenshot_4888.png,uxwz,0
screenshot_4889.png,4nd4,0
screenshot_4890.png,uimx,0
screenshot_4891.png,3puxhq,0
screenshot_4892.png,k36b,0
screenshot_4893.png,smu9j9,0
screenshot_4894.png,6in7,0
screenshot_4895.png,wtt9h,0
screenshot_4896.png,thy5p6,0
screenshot_4897.png,fueq3v,0
screenshot_4898.png,3n2x6t,0
screenshot_4899.png,cq4835,0
screenshot_4900.png,4fa45,0
screenshot_4901.png,srq8,0
screenshot_4902.png,x5h88,0
screenshot_4903.png,khcy,0
screenshot_4904.png,4y4y6m,0
screenshot_4905.png,74383,0
screenshot_4906.png,tcxzwc,0
screenshot_4907.png,nxs5ue,0
screenshot_4908.png,r2r4,0
screenshot_4909.png,5zage,0
screenshot_4910.png,uh27,0
screenshot_4911.png,f2uxv,0
screenshot_4912.png,zvayhx,0
screenshot_4913.png,u965,0
screenshot_4914.png,s7yut,0
screenshot_4915.png,7rpg,0
screenshot_4917.png,m98d6,0
screenshot_4918.png,d9k5es,0
screenshot_4919.png,aej8wq,0
screenshot_4920.png,y38w,0
screenshot_4921.png,kjjjz,0
screenshot_4922.png,777cg,0
screenshot_4923.png,5gxfp,0
screenshot_4924.png,y6ap82,0
screenshot_4925.png,rfndu,0
screenshot_4926.png,r8ncy,0
screenshot_4927.png,n5xr,0
screenshot_4928.png,peva,0
screenshot_4929.png,fqeini,0
screenshot_4930.png,es2,0
screenshot_4931.png,5frjua,0
screenshot_4932.png,9f8xwu,0
screenshot_4933.png,vfrv,0
screenshot_4934.png,mk4b,0
screenshot_4935.png,tk4q,0
screenshot_4936.png,89nr,0
screenshot_4937.png,m4miig,0
screenshot_4938.png,sed7,0
screenshot_4939.png,y5qrq3,0
screenshot_4940.png,c6fks,0
screenshot_4941.png,sirtme,0
screenshot_4942.png,qzvj3,0
screenshot_4943.png,nkjaw,0
screenshot_4944.png,exw3,0
screenshot_4945.png,4y9yi,0
screenshot_4948.png,y7vej,0
screenshot_4949.png,x9zr,0
screenshot_4950.png,ghaw,0
screenshot_4952.png,64nrz,0
screenshot_4953.png,uhbq,0
screenshot_4954.png,t44hmj,0
screenshot_4955.png,4j5m,0
screenshot_4956.png,57ucj6,0
screenshot_4960.png,8db9,0
screenshot_4961.png,pmb8,0
screenshot_4962.png,k8m4ec,0
screenshot_4963.png,y7x2tj,0
screenshot_4964.png,swesi,0
screenshot_4965.png,fvh2i8,0
screenshot_4966.png,8566nf,0
screenshot_4967.png,7zwdz,0
screenshot_4968.png,f65cyp,0
screenshot_4969.png,7hhqj,0
screenshot_4970.png,7h4zx,0
screenshot_4971.png,pdh5cn,0
screenshot_4972.png,jezjd,0
screenshot_4973.png,dc8h,0
screenshot_4975.png,4fnsq3,0
screenshot_4976.png,s9sf,0
screenshot_4977.png,5k6bwj,0
screenshot_4978.png,8ih84,0
screenshot_4979.png,ureu,0
screenshot_4980.png,bajx,0
screenshot_4981.png,6ngv,0
screenshot_4982.png,5d5bgj,0
screenshot_4983.png,fve4b,0
screenshot_4984.png,jny9,0
screenshot_4985.png,hksm7,0
screenshot_4986.png,ckzfa,0
screenshot_4987.png,eydz,0
screenshot_4988.png,dvmtyw,0
screenshot_4989.png,xi3xdu,0
screenshot_4990.png,4y7xe,0
screenshot_4991.png,7y2wp,0
screenshot_4992.png,z9fhij,0
screenshot_4994.png,juer8,0
screenshot_4995.png,ucrk,0
screenshot_4996.png,fgh8,0
screenshot_4997.png,pki6,0
screenshot_4998.png,rdira,0
screenshot_4999.png,k2pa6,0
screenshot_5001.png,9rd5n2,0
screenshot_5002.png,cefpy,0
screenshot_5003.png,nng,0
screenshot_5005.png,vurhs8,0
screenshot_5006.png,9bcxtv,0
screenshot_5007.png,vivgtk,0
screenshot_5008.png,u38sd,0
screenshot_5009.png,ytmtkg,0
screenshot_5010.png,cbuwb,0
screenshot_5011.png,v9ijg,0
screenshot_5012.png,cdfbkx,0
screenshot_5013.png,tpe2,0
screenshot_5014.png,zfabk,0
screenshot_5015.png,ycvgac,0
screenshot_5016.png,xfspb6,0
screenshot_5017.png,rd2wa2,0
screenshot_5018.png,epccb,0
screenshot_5019.png,ft4fj,0
screenshot_5021.png,ea7g2,0
screenshot_5022.png,3ybe2,0
screenshot_5023.png,pbip2,0
screenshot_5024.png,6qj4r,0
screenshot_5025.png,gfkcf6,0
screenshot_5026.png,9naua,0
screenshot_5027.png,r8gnh,0
screenshot_5028.png,ybk7qh,0
screenshot_5029.png,772j,0
screenshot_5030.png,fv6va,0
screenshot_5031.png,57fj,0
screenshot_5033.png,w3p22,0
screenshot_5034.png,zx32u,0
screenshot_5035.png,jg7y,0
screenshot_5037.png,wz5zm3,0
screenshot_5038.png,mvr3,0
screenshot_5039.png,7kehxj,0
screenshot_5040.png,v9mya,0
screenshot_5041.png,q7eqp,0
screenshot_5042.png,ryw5x,0
screenshot_5043.png,tzh7g3,0
screenshot_5044.png,j498b,0
screenshot_5045.png,jt73n,0
screenshot_5046.png,xye2,0
screenshot_5047.png,5t4jzk,0
screenshot_5048.png,2z2zrp,0
screenshot_5050.png,xu5x,0
screenshot_5051.png,i86bd,0
screenshot_5052.png,y47t,0
screenshot_5053.png,abik4m,0
screenshot_5054.png,c7vn,0
screenshot_5055.png,7bxju7,0
screenshot_5056.png,kv2xyj,0
screenshot_5057.png,q9i2n,0
screenshot_5058.png,rzj6,0
screenshot_5059.png,92ur,0
screenshot_5060.png,3xy5rs,0
screenshot_5061.png,p3vew,0
screenshot_5062.png,sbkx3,0
screenshot_5063.png,uq46f8,0
screenshot_5064.png,6adw38,0
screenshot_5065.png,afgh,0
screenshot_5066.png,dvdwv,0
screenshot_5067.png,gin5,0
screenshot_5068.png,9rhb,0
screenshot_5069.png,divg,0
screenshot_5070.png,hxufk7,0
screenshot_5071.png,c6yikz,0
screenshot_5072.png,ituf,0
screenshot_5073.png,i2tw,0
screenshot_5074.png,sihabd,0
screenshot_5075.png,x23pn,0
screenshot_5076.png,6v5hu,0
screenshot_5077.png,4uiyr9,0
screenshot_5078.png,g97929,0
screenshot_5079.png,r73u,0
screenshot_5080.png,5m6q79,0
screenshot_5081.png,u6swk,0
screenshot_5082.png,tdthyh,0
screenshot_5083.png,f4m57t,0
screenshot_5084.png,brzqn,0
screenshot_5085.png,482sqy,0
screenshot_5086.png,9595e,0
screenshot_5087.png,wswv,0
screenshot_5088.png,cyntn8,0
screenshot_5089.png,5n9a,0
screenshot_5090.png,pc3z3j,0
screenshot_5091.png,nni7,0
screenshot_5092.png,knhy,0
screenshot_5093.png,z959h,0
screenshot_5094.png,zn2sp,0
screenshot_5095.png,xdvm,0
screenshot_5096.png,exnx,0
screenshot_5097.png,umvjk,0
screenshot_5098.png,nvh4r,0
screenshot_5099.png,hs6u,0
screenshot_5100.png,nvsfm4,0
screenshot_5101.png,hkk8w,0
screenshot_5102.png,zbzuz,0
screenshot_5103.png,5rr2x,0
screenshot_5104.png,vrci,0
screenshot_5105.png,dv6k,0
screenshot_5106.png,iqc9h,0
screenshot_5107.png,9jku,0
screenshot_5108.png,va4ix,0
screenshot_5111.png,mizk4,0
screenshot_5112.png,fv8tyd,0
screenshot_5114.png,ha4t,0
screenshot_5115.png,ri9rgp,0
screenshot_5116.png,jn27,0
screenshot_5117.png,rsp5,0
screenshot_5118.png,xerb9h,0
screenshot_5119.png,ndx92,0
screenshot_5120.png,jqty,0
screenshot_5121.png,bj4w,0
screenshot_5122.png,32ufgw,0
screenshot_5123.png,8km4kf,0
screenshot_5124.png,cib4,0
screenshot_5125.png,3z5mj,0
screenshot_5126.png,i3hqpx,0
screenshot_5127.png,xr3p,0
screenshot_5128.png,ksnw36,0
screenshot_5129.png,g56z,0
screenshot_5130.png,z82tt,0
screenshot_5132.png,zezrqh,0
screenshot_5133.png,vcisqm,0
screenshot_5134.png,8sw3,0
screenshot_5135.png,rqwec3,0
screenshot_5136.png,stbqa,0
screenshot_5137.png,3wwvu,0
screenshot_5138.png,hejqb,0
screenshot_5139.png,ffft,0
screenshot_5140.png,ysix,0
screenshot_5141.png,d8t6sr,0
screenshot_5142.png,8zte7q,0
screenshot_5143.png,4gza8c,0
screenshot_5144.png,ndp3j,0
screenshot_5145.png,dgun,0
screenshot_5146.png,es7nb,0
screenshot_5147.png,7k3qs9,0
screenshot_5148.png,66ndf,0
screenshot_5149.png,dydbx,0
screenshot_5150.png,ah8ibi,0
screenshot_5151.png,jawk6,0
screenshot_5152.png,7qbxeh,0
screenshot_5153.png,463u,0
screenshot_5154.png,avh34q,0
screenshot_5155.png,6fa5,0
screenshot_5156.png,tudrpv,0
screenshot_5157.png,9p54,0
screenshot_5158.png,vti2r,0
screenshot_5159.png,e4m8,0
screenshot_5160.png,9ed2i,0
screenshot_5161.png,hthviz,0
screenshot_5162.png,iq9nc,0
screenshot_5163.png,sxjn4,0
screenshot_5165.png,y8x3,0
screenshot_5166.png,xvpuyf,0
screenshot_5167.png,7kcqc,0
screenshot_5168.png,f7m8m,0
screenshot_5169.png,gxdd5,0
screenshot_5170.png,x9sfc,0
screenshot_5171.png,ipywn,0
screenshot_5172.png,ab3n,0
screenshot_5174.png,xkwvc7,0
screenshot_5175.png,555g8f,0
screenshot_5176.png,8mgz4,0
screenshot_5177.png,igcg,0
screenshot_5178.png,spka2,0
screenshot_5179.png,hy6avw,0
screenshot_5180.png,z7kc,0
screenshot_5181.png,mw82,0
screenshot_5182.png,945xs,0
screenshot_5184.png,zw8hc,0
screenshot_5185.png,6srz,0
screenshot_5186.png,b37,0
screenshot_5187.png,r3r9,0
screenshot_5188.png,ib4a4s,0
screenshot_5189.png,fc6dg,0
screenshot_5190.png,wyeag4,0
screenshot_5191.png,dytmj,0
screenshot_5192.png,nhznra,0
screenshot_5193.png,y9mkh,0
screenshot_5194.png,q4bf,0
screenshot_5195.png,q52b,0
screenshot_5196.png,92c7rc,0
screenshot_5198.png,5d7w,0
screenshot_5199.png,njbp,0
screenshot_5200.png,7brig,0
screenshot_5201.png,fb9ya,0
screenshot_5202.png,wzq5,0
screenshot_5203.png,84a6f,0
screenshot_5204.png,hafxvb,0
screenshot_5205.png,hwkzy9,0
screenshot_5206.png,rpidc2,0
screenshot_5207.png,h4xs,0
screenshot_5208.png,5qp6,0
screenshot_5209.png,auiyb,0
screenshot_5210.png,inx,0
screenshot_5211.png,y6np6a,0
screenshot_5212.png,rweet,0
screenshot_5213.png,u3s7,0
screenshot_5214.png,kn2xiw,0
screenshot_5215.png,jsrn,0
screenshot_5216.png,4py3,0
screenshot_5217.png,tu8s3,0
screenshot_5218.png,wrqv,0
screenshot_5219.png,7i8qd,0
screenshot_5220.png,yk9m2,0
screenshot_5221.png,dehiv,0
screenshot_5222.png,t3mxf8,0
screenshot_5223.png,rtja,0
screenshot_5224.png,f3ksr,0
screenshot_5225.png,x6pkw,0
screenshot_5226.png,gq3un,0
screenshot_5227.png,emey,0
screenshot_5228.png,bsir,0
screenshot_5229.png,k6rc,0
screenshot_5230.png,8dzn6u,0
screenshot_5231.png,q8ptf,0
screenshot_5232.png,6bdb9,0
screenshot_5233.png,zsfft7,0
screenshot_5234.png,a8q,0
screenshot_5235.png,9is6h,0
screenshot_5236.png,skbc,0
screenshot_5237.png,r3w2,0
screenshot_5238.png,9wnv,0
screenshot_5239.png,4jed,0
screenshot_5240.png,ffbkk,0
screenshot_5241.png,j8ps,0
screenshot_5242.png,hpi5y6,0
screenshot_5243.png,utcvi,0
screenshot_5244.png,ujh6,0
screenshot_5245.png,426f8,0
screenshot_5246.png,a35i3,0
screenshot_5247.png,fvmqa,0
screenshot_5248.png,ar3yx,0
screenshot_5249.png,x8we,0
screenshot_5250.png,tvgrb7,0
screenshot_5251.png,hiz,0
screenshot_5252.png,89vjlc,0
screenshot_5253.png,rywf34,0
screenshot_5254.png,8hv6,0
screenshot_5255.png,cbriuk,0
screenshot_5256.png,mjsmq,0
screenshot_5257.png,q5iwx,0
screenshot_5258.png,sndvc,0
screenshot_5259.png,y4s,0
screenshot_5260.png,p5eud9,0
screenshot_5261.png,96twxj,0
screenshot_5262.png,gu7d9,0
screenshot_5263.png,m47ha,0
screenshot_5264.png,eknqy,0
screenshot_5265.png,mxdeq,0
screenshot_5266.png,8qizqf,0
screenshot_5267.png,r9ng5d,0
screenshot_5268.png,a8kd,0
screenshot_5269.png,bn9bv,0
screenshot_5270.png,a6b8j5,0
screenshot_5271.png,py3f,0
screenshot_5272.png,ka5yd,0
screenshot_5273.png,8sbej7,0
screenshot_5274.png,x8gh8b,0
screenshot_5275.png,dnj77,0
screenshot_5276.png,qt9y,0
screenshot_5277.png,9mwb,0
screenshot_5278.png,7rhs,0
screenshot_5279.png,4ntep,0
screenshot_5280.png,gbfx5p,0
screenshot_5281.png,nbia4,0
screenshot_5282.png,j5zu,0
screenshot_5283.png,qa4dq,0
screenshot_5284.png,ajasz,0
screenshot_5285.png,379db5,0
screenshot_5286.png,ztua2,0
screenshot_5287.png,y2vav,0
screenshot_5288.png,cayktv,0
screenshot_5289.png,c3a9,0
screenshot_5290.png,jyzp,0
screenshot_5291.png,2kpbjf,0
screenshot_5292.png,636,0
screenshot_5293.png,9u3b5,0
screenshot_5294.png,vwpw,0
screenshot_5295.png,93q,0
screenshot_5296.png,qa23z3,0
screenshot_5297.png,4ttr,0
screenshot_5299.png,j8hyv,0
screenshot_5300.png,xqcqh,0
screenshot_5301.png,53eq83,0
screenshot_5302.png,28p,0
screenshot_5303.png,jff6js,0
screenshot_5304.png,hrq9,0
screenshot_5305.png,gkf67,0
screenshot_5306.png,zj5r,0
screenshot_5307.png,h8yws,0
screenshot_5308.png,3p3p3q,0
screenshot_5310.png,6r8jn,0
screenshot_5311.png,5k5a,0
screenshot_5312.png,3wr9,0
screenshot_5313.png,bar9fg,0
screenshot_5314.png,2asc6r,0
screenshot_5316.png,9vaui,0
screenshot_5317.png,4dic,0
screenshot_5318.png,yt4vt,0
screenshot_5319.png,z9zt,0
screenshot_5321.png,43iaz,0
screenshot_5322.png,zu8s,0
screenshot_5323.png,sxuaqy,0
screenshot_5324.png,ekxc,0
screenshot_5325.png,arw87,0
screenshot_5326.png,vqn8,0
screenshot_5327.png,3nwne,0
screenshot_5328.png,yztur,0
screenshot_5329.png,w54f,0
screenshot_5330.png,9k86,0
screenshot_5331.png,rp7v9,0
screenshot_5332.png,vn3z,0
screenshot_5333.png,je5k,0
screenshot_5334.png,m7ghn,0
screenshot_5335.png,zrj5z,0
screenshot_5336.png,wgnck,0
screenshot_5337.png,ljmmc,0
screenshot_5339.png,8bvf5,0
screenshot_5340.png,72n3s,0
screenshot_5341.png,j57pi,0
screenshot_5342.png,hnuuxm,0
screenshot_5343.png,zjbr2,0
screenshot_5344.png,t9vuf,0
screenshot_5345.png,e9x8un,0
screenshot_5346.png,kvb2c8,0
screenshot_5347.png,6bmmyu,0
screenshot_5348.png,24kpm,0
screenshot_5349.png,uv33,0
screenshot_5350.png,rc8y6,0
screenshot_5351.png,he7fc,0
screenshot_5353.png,uxdaq,0
screenshot_5354.png,ajtga,0
screenshot_5355.png,q5wuyc,0
screenshot_5357.png,jard,0
screenshot_5358.png,6rvg6,0
screenshot_5359.png,w2ax,0
screenshot_5361.png,jsaic,0
screenshot_5362.png,e9hv,0
screenshot_5363.png,xknx,0
screenshot_5365.png,ay6bk8,0
screenshot_5366.png,nrssam,0
screenshot_5367.png,7qda,0
screenshot_5368.png,wm4k,0
screenshot_5369.png,nbwtwv,0
screenshot_5370.png,24gb,0
screenshot_5371.png,iswf9,0
screenshot_5372.png,v4j,0
screenshot_5373.png,gadiz,0
screenshot_5374.png,ph8t,0
screenshot_5376.png,654tk,0
screenshot_5377.png,7dx35x,0
screenshot_5378.png,t6ahpw,0
screenshot_5379.png,6e9r,0
screenshot_5380.png,ut7r,0
screenshot_5381.png,zuxeq,0
screenshot_5382.png,t34d4d,0
screenshot_5383.png,dhv7,0
screenshot_5384.png,cb27,0
screenshot_5385.png,imchzj,0
screenshot_5386.png,igdyq,0
screenshot_5387.png,neyt86,0
screenshot_5388.png,x9ybxs,0
screenshot_5389.png,g47my,0
screenshot_5390.png,5dm5,0
screenshot_5391.png,ra33tn,0
screenshot_5392.png,qcyyd,0
screenshot_5393.png,5vxnai,0
screenshot_5394.png,2cym,0
screenshot_5395.png,ygfzdr,0
screenshot_5396.png,rvt,0
screenshot_5397.png,fhjnb,0
screenshot_5398.png,kegu8d,0
screenshot_5399.png,8gvu,0
screenshot_5401.png,hvinjy,0
screenshot_5402.png,z72k5,0
screenshot_5403.png,mbpaxn,0
screenshot_5404.png,hajc,0
screenshot_5406.png,gs5w,0
screenshot_5407.png,2pp2fw,0
screenshot_5408.png,au2vkt,0
screenshot_5409.png,wukg,0
screenshot_5410.png,vmtawc,0
screenshot_5411.png,d9auxw,0
screenshot_5412.png,pwxs,0
screenshot_5413.png,ngcqn,0
screenshot_5415.png,5xedj,0
screenshot_5416.png,dm3qj,0
screenshot_5417.png,mwvs9,0
screenshot_5418.png,twvmsf,0
screenshot_5419.png,rj3z,0
screenshot_5420.png,3sbf,0
screenshot_5421.png,i4n8,0
screenshot_5422.png,vvpz,0
screenshot_5423.png,w8ge,0
screenshot_5424.png,2vxvh3,0
screenshot_5425.png,xwvgx6,0
screenshot_5426.png,u6ggz,0
screenshot_5427.png,xp4xbi,0
screenshot_5428.png,za9v,0
screenshot_5429.png,t75z,0
screenshot_5431.png,dufr3,0
screenshot_5432.png,kgzjh2,0
screenshot_5433.png,3t9h,0
screenshot_5434.png,mdhvj,0
screenshot_5435.png,e5mb,0
screenshot_5436.png,kx2z,0
screenshot_5437.png,qsnx,0
screenshot_5438.png,3sd3,0
screenshot_5439.png,3tb7,0
screenshot_5440.png,6immwk,0
screenshot_5441.png,ewsae,0
screenshot_5442.png,mxb3iw,0
screenshot_5443.png,hdibzy,0
screenshot_5444.png,cqz5kt,0
screenshot_5445.png,b92j3,0
screenshot_5446.png,5y3d,0
screenshot_5447.png,jq2wc,0
screenshot_5448.png,ea36x,0
screenshot_5449.png,rvyr,0
screenshot_5450.png,r62y5,0
screenshot_5451.png,b2up,0
screenshot_5452.png,uyuj,0
screenshot_5453.png,me2xjt,0
screenshot_5454.png,u7gebf,0
screenshot_5455.png,fjwnxc,0
screenshot_5456.png,p8fx2y,0
screenshot_5457.png,ec687f,0
screenshot_5458.png,3c7yi,0
screenshot_5459.png,fx5ep3,0
screenshot_5460.png,s69qiz,0
screenshot_5461.png,kw3j,0
screenshot_5462.png,qivif,0
screenshot_5463.png,7sqfv,0
screenshot_5464.png,9syr,0
screenshot_5465.png,7q2nuk,0
screenshot_5466.png,mttms,0
screenshot_5467.png,pmdc3a,0
screenshot_5468.png,c5ca,0
screenshot_5469.png,8sjxw3,0
screenshot_5470.png,knwu5,0
screenshot_5471.png,sk4i,0
screenshot_5472.png,2isc,0
screenshot_5473.png,bvpq,0
screenshot_5474.png,xjuz,0
screenshot_5475.png,jf8i,0
screenshot_5476.png,qw2,0
screenshot_5477.png,3d77px,0
screenshot_5478.png,2him,0
screenshot_5479.png,i39zs2,0
screenshot_5480.png,f99tn,0
screenshot_5481.png,kvzd,0
screenshot_5483.png,wzzjx,0
screenshot_5484.png,82yz,0
screenshot_5485.png,4w4j,0
screenshot_5486.png,pymx,0
screenshot_5487.png,pnwy,0
screenshot_5488.png,c2d2z,0
screenshot_5489.png,vjgh,0
screenshot_5490.png,sw6cx,0
screenshot_5492.png,piig,0
screenshot_5493.png,r8xzh,0
screenshot_5494.png,puqm,0
screenshot_5495.png,b6q9zf,0
screenshot_5496.png,k2b4,0
screenshot_5497.png,sjcs,0
screenshot_5498.png,w23hw7,0
screenshot_5499.png,yfteb,0
screenshot_5500.png,refvk3,0
screenshot_5501.png,g332,0
screenshot_5502.png,ueha,0
screenshot_5503.png,rfjhmd,0
screenshot_5504.png,afqw,0
screenshot_5505.png,s4sj,0
screenshot_5506.png,y7kue,0
screenshot_5507.png,tnrv9,0
screenshot_5508.png,yd2pd,0
screenshot_5509.png,w6z93u,0
screenshot_5510.png,gzcx,0
screenshot_5511.png,2n549,0
screenshot_5512.png,z9v7k2,0
screenshot_5514.png,mpk6e,0
screenshot_5516.png,n8rg,0
screenshot_5517.png,isezc,0
screenshot_5518.png,9u2v,0
screenshot_5519.png,jg3d,0
screenshot_5520.png,s4zur,0
screenshot_5521.png,fs5st,0
screenshot_5522.png,ebac4,0
screenshot_5523.png,89ciq3,0
screenshot_5524.png,n2v64,0
screenshot_5525.png,da9ab,0
screenshot_5526.png,4jwv,0
screenshot_5527.png,kccw,0
screenshot_5528.png,gchc,0
screenshot_5529.png,th53qc,0
screenshot_5530.png,tqve,0
screenshot_5531.png,k6iem7,0
screenshot_5532.png,c9bv,0
screenshot_5533.png,7y5wet,0
screenshot_5534.png,pcng,0
screenshot_5535.png,ty4g,0
screenshot_5536.png,mpc3kn,0
screenshot_5537.png,r4ta8,0
screenshot_5538.png,h9jqyi,0
screenshot_5539.png,6hcjv,0
screenshot_5540.png,gz6a,0
screenshot_5541.png,pj4e,0
screenshot_5542.png,3axk,0
screenshot_5543.png,4rv8,0
screenshot_5544.png,c5ws,0
screenshot_5545.png,3ahgvt,0
screenshot_5546.png,8s42,0
screenshot_5547.png,vspc,0
screenshot_5548.png,3kz8s8,0
screenshot_5549.png,wbvj,0
screenshot_5550.png,6fn4,0
screenshot_5551.png,p9f7,0
screenshot_5552.png,2ygh,0
screenshot_5553.png,waj97b,0
screenshot_5554.png,6c9i3,0
screenshot_5555.png,d88gk,0
screenshot_5556.png,5xr6,0
screenshot_5557.png,kf22eb,0
screenshot_5558.png,yxdp,0
screenshot_5559.png,qhdw,0
screenshot_5561.png,y2dp9,0
screenshot_5562.png,tfxe7,0
screenshot_5563.png,h5ygj,0
screenshot_5564.png,muztk,0
screenshot_5565.png,swyr2q,0
screenshot_5566.png,idic,0
screenshot_5567.png,8gzz,0
screenshot_5568.png,fbgv,0
screenshot_5569.png,j9vb,0
screenshot_5570.png,54m4,0
screenshot_5571.png,uzxeve,0
screenshot_5572.png,gmhr,0
screenshot_5573.png,kyuw3v,0
screenshot_5574.png,84n6r,0
screenshot_5575.png,dukycw,0
screenshot_5576.png,p83xd,0
screenshot_5577.png,fsia2,0
screenshot_5578.png,bks9mw,0
screenshot_5579.png,xk78a,0
screenshot_5580.png,ykjdc9,0
screenshot_5582.png,9z5qpi,0
screenshot_5583.png,93f4,0
screenshot_5584.png,keci,0
screenshot_5585.png,h46y,0
screenshot_5586.png,rq5f68,0
screenshot_5587.png,mmgde,0
screenshot_5588.png,msfsb,0
screenshot_5589.png,4r2,0
screenshot_5590.png,4k6i3,0
screenshot_5591.png,xzpi9,0
screenshot_5592.png,cpw5,0
screenshot_5593.png,zwe2,0
screenshot_5594.png,fvgwa,0
screenshot_5595.png,vmgbr7,0
screenshot_5596.png,rch2,0
screenshot_5597.png,74k24,0
screenshot_5598.png,mfn54,0
screenshot_5599.png,it58ev,0
screenshot_5600.png,wn7k9,0
screenshot_5602.png,yhzn,0
screenshot_5603.png,h4256,0
screenshot_5604.png,wcfjg,0
screenshot_5605.png,j39h,0
screenshot_5606.png,qhsh,0
screenshot_5607.png,k2k5sp,0
screenshot_5608.png,vt3snx,0
screenshot_5609.png,qi7equ,0
screenshot_5610.png,ufyxtn,0
screenshot_5612.png,7jw6g,0
screenshot_5613.png,tff2ug,0
screenshot_5614.png,epgwn,0
screenshot_5615.png,k2gcv,0
screenshot_5616.png,pvi6j,0
screenshot_5617.png,3r3q,0
screenshot_5618.png,igi4,0
screenshot_5619.png,xivt25,0
screenshot_5620.png,mzdv4i,0
screenshot_5621.png,iunj,0
screenshot_5622.png,iuf426,0
screenshot_5623.png,th5d5,0
screenshot_5625.png,3htw,0
screenshot_5626.png,itqb,0
screenshot_5627.png,4ykvs,0
screenshot_5628.png,j2d6g,0
screenshot_5630.png,bncnpe,0
screenshot_5631.png,2dhcb,0
screenshot_5632.png,2c2uv,0
screenshot_5633.png,r38s6,0
screenshot_5635.png,bdjrdt,0
screenshot_5636.png,q434xt,0
screenshot_5637.png,a8zj7,0
screenshot_5638.png,xhw5,0
screenshot_5639.png,xy7nv,0
screenshot_5640.png,5d27h,0
screenshot_5641.png,5p6k,0
screenshot_5642.png,cqitk4,0
screenshot_5645.png,myz9x,0
screenshot_5646.png,8d8e,0
screenshot_5647.png,g2zp7,0
screenshot_5648.png,5bu5,0
screenshot_5649.png,bsj328,0
screenshot_5650.png,npvk8,0
screenshot_5651.png,sxug,0
screenshot_5652.png,r9rd,0
screenshot_5654.png,gqt7e,0
screenshot_5655.png,k7w2d2,0
screenshot_5656.png,p4ksgi,0
screenshot_5657.png,ttak,0
screenshot_5658.png,yg5d,0
screenshot_5659.png,j2j54q,0
screenshot_5660.png,z4uqj,0
screenshot_5661.png,y9v6,0
screenshot_5662.png,zctu,0
screenshot_5663.png,c55q,0
screenshot_5664.png,245r,0
screenshot_5665.png,r473,0
screenshot_5667.png,tg9cxu,0
screenshot_5669.png,74wctx,0
screenshot_5670.png,cegtw,0
screenshot_5671.png,vcxe,0
screenshot_5672.png,abvyae,0
screenshot_5673.png,ke34i,0
screenshot_5674.png,2yd76f,0
screenshot_5675.png,kg44uj,0
screenshot_5676.png,9crjh,0
screenshot_5677.png,k2iy,0
screenshot_5678.png,fybiay,0
screenshot_5679.png,63rcvu,0
screenshot_5680.png,yr5ce4,0
screenshot_5681.png,xvd2hj,0
screenshot_5682.png,hxf45a,0
screenshot_5683.png,xkxkkx,0
screenshot_5684.png,zdn5cy,0
screenshot_5685.png,zxpgbq,0
screenshot_5686.png,7i8ygy,0
screenshot_5687.png,3dra5,0
screenshot_5688.png,8asnag,0
screenshot_5689.png,8uhw2s,0
screenshot_5690.png,ei26e,0
screenshot_5691.png,6zcgd,0
screenshot_5692.png,hs8h,0
screenshot_5694.png,wdnrd,0
screenshot_5696.png,jyur,0
screenshot_5697.png,r2fef,0
screenshot_5698.png,dwun,0
screenshot_5699.png,mf28,0
screenshot_5700.png,3xc6,0
screenshot_5701.png,gcdk,0
screenshot_5702.png,83yzaq,0
screenshot_5703.png,fzh8,0
screenshot_5704.png,cwjzdc,0
screenshot_5705.png,4wtvkn,0
screenshot_5706.png,ijt2w,0
screenshot_5707.png,ux6q,0
screenshot_5709.png,myaq,0
screenshot_5710.png,3ct8,0
screenshot_5711.png,85fk,0
screenshot_5712.png,v7up8,0
screenshot_5713.png,din4,0
screenshot_5714.png,tjwf6,0
screenshot_5715.png,dcpan,0
screenshot_5716.png,kgxh,0
screenshot_5717.png,eyx,0
screenshot_5718.png,jfg4m,0
screenshot_5720.png,c4js,0
screenshot_5721.png,9ihdq3,0
screenshot_5722.png,jk27t,0
screenshot_5723.png,9q9ph,0
screenshot_5724.png,7w4,0
screenshot_5725.png,xs4v,0
screenshot_5726.png,w79e4,0
screenshot_5727.png,sv8z,0
screenshot_5728.png,i4xir,0
screenshot_5729.png,6hu2,0
screenshot_5730.png,sb2et,0
screenshot_5731.png,c3jp,0
screenshot_5732.png,jgk6ub,0
screenshot_5733.png,gpit,0
screenshot_5734.png,ymc84c,0
screenshot_5735.png,amt26g,0
screenshot_5736.png,g9yj,0
screenshot_5737.png,t5jps,0
screenshot_5738.png,jcu5cw,0
screenshot_5739.png,znets,0
screenshot_5740.png,3xjrh,0
screenshot_5741.png,fyu6r4,0
screenshot_5742.png,zb7kwx,0
screenshot_5743.png,phj83,0
screenshot_5744.png,c2b5,0
screenshot_5745.png,e5quk,0
screenshot_5746.png,fi48,0
screenshot_5747.png,hkavr,0
screenshot_5749.png,7fs4,0
screenshot_5750.png,pg3j2,0
screenshot_5751.png,ayj7,0
screenshot_5752.png,ykmi,0
screenshot_5753.png,7eypqg,0
screenshot_5754.png,pdrq,0
screenshot_5755.png,jm5hh5,0
screenshot_5756.png,kjai,0
screenshot_5757.png,xra6,0
screenshot_5758.png,sk3e,0
screenshot_5759.png,26kfg,0
screenshot_5760.png,evwp6,0
screenshot_5761.png,9waxru,0
screenshot_5762.png,cx9m,0
screenshot_5763.png,283us,0
screenshot_5764.png,u6e5,0
screenshot_5766.png,j7xtip,0
screenshot_5767.png,t8nmpx,0
screenshot_5768.png,zhzz,0
screenshot_5769.png,ivdm,0
screenshot_5770.png,igync6,0
screenshot_5771.png,2u62,0
screenshot_5772.png,qsh4wv,0
screenshot_5773.png,ihs6,0
screenshot_5775.png,ayb8rs,0
screenshot_5776.png,miv8ci,0
screenshot_5778.png,64s3fs,0
screenshot_5779.png,z66b,0
screenshot_5780.png,5npphk,0
screenshot_5781.png,2z2zv,0
screenshot_5782.png,7cj3c,0
screenshot_5783.png,52a4vc,0
screenshot_5784.png,2zqk4y,0
screenshot_5785.png,6252,0
screenshot_5786.png,u6jp,0
screenshot_5787.png,fmw,0
screenshot_5788.png,yuvftj,0
screenshot_5789.png,d9yp,0
screenshot_5790.png,six,0
screenshot_5791.png,aexi4q,0
screenshot_5792.png,i7u8j,0
screenshot_5794.png,nrnuh,0
screenshot_5795.png,c8k8,0
screenshot_5796.png,733fn4,0
screenshot_5797.png,52ds7,0
screenshot_5799.png,hsfyx,0
screenshot_5800.png,8apxg,0
screenshot_5801.png,d97d4s,0
screenshot_5802.png,3ssk,0
screenshot_5803.png,75t8qy,0
screenshot_5804.png,3brpv,0
screenshot_5805.png,nhgdya,0
screenshot_5806.png,qz7e,0
screenshot_5807.png,af6uas,0
screenshot_5808.png,qc2p,0
screenshot_5809.png,ym2k,0
screenshot_5810.png,jbery,0
screenshot_5811.png,6986q,0
screenshot_5812.png,axrrd,0
screenshot_5813.png,wgsm7,0
screenshot_5814.png,ija73,0
screenshot_5815.png,5yh7m,0
screenshot_5816.png,s7dsss,0
screenshot_5817.png,rm77yu,0
screenshot_5818.png,4675z,0
screenshot_5820.png,c5jgn,0
screenshot_5822.png,dg4bt,0
screenshot_5823.png,8tug7,0
screenshot_5824.png,5d79,0
screenshot_5825.png,n38n,0
screenshot_5826.png,n7pjcu,0
screenshot_5827.png,2u5k2n,0
screenshot_5828.png,8ak7b,0
screenshot_5829.png,n6t6n,0
screenshot_5830.png,ei35,0
screenshot_5831.png,9j3k,0
screenshot_5832.png,gd5i8,0
screenshot_5833.png,5vit6,0
screenshot_5834.png,62ug,0
screenshot_5835.png,x4qx,0
screenshot_5836.png,hq5i,0
screenshot_5837.png,8edm,0
screenshot_5838.png,wg4q,0
screenshot_5839.png,dkf5xr,0
screenshot_5841.png,wrtuvu,0
screenshot_5842.png,nhjqp,0
screenshot_5843.png,46nk,0
screenshot_5844.png,5t6g,0
screenshot_5845.png,khe4n,0
screenshot_5846.png,5bmt2,0
screenshot_5847.png,7tmw,0
screenshot_5848.png,78jdmr,0
screenshot_5849.png,dfy96a,0
screenshot_5850.png,gib4,0
screenshot_5851.png,wgk8w,0
screenshot_5852.png,md8,0
screenshot_5853.png,pskb,0
screenshot_5854.png,yced5w,0
screenshot_5855.png,xikr,0
screenshot_5856.png,vuzd6s,0
screenshot_5857.png,242e,0
screenshot_5858.png,v8ym8v,0
screenshot_5859.png,xp5sy,0
screenshot_5860.png,efzei,0
screenshot_5861.png,xraqgm,0
screenshot_5862.png,k8cz3x,0
screenshot_5863.png,fvd3,0
screenshot_5864.png,an3v,0
screenshot_5865.png,7byv,0
screenshot_5866.png,8ghik,0
screenshot_5867.png,cd54nd,0
screenshot_5868.png,2hiq8,0
screenshot_5870.png,k839,0
screenshot_5871.png,zuh7n7,0
screenshot_5872.png,dvpp9,0
screenshot_5873.png,iy45t,0
screenshot_5874.png,ureesh,0
screenshot_5876.png,re3,0
screenshot_5877.png,wt98b4,0
screenshot_5878.png,85tc,0
screenshot_5879.png,ifs4m,0
screenshot_5880.png,kv2te,0
screenshot_5881.png,akf4,0
screenshot_5882.png,p2ggn8,0
screenshot_5883.png,dq57b,0
screenshot_5884.png,uf3iaz,0
screenshot_5885.png,2mn727,0
screenshot_5886.png,e3znj,0
screenshot_5887.png,9q25z,0
screenshot_5888.png,skz8q,0
screenshot_5889.png,a8s,0
screenshot_5890.png,nbdnfr,0
screenshot_5891.png,cjpjx5,0
screenshot_5892.png,7fpe4,0
screenshot_5893.png,5xzktm,0
screenshot_5894.png,idkq4,0
screenshot_5895.png,t3uzyx,0
screenshot_5896.png,jeac5,0
screenshot_5897.png,ts53w,0
screenshot_5898.png,zc6qbs,0
screenshot_5899.png,gwx58,0
screenshot_5900.png,snqmk,0
screenshot_5901.png,6j5d,0
screenshot_5902.png,gw3zbs,0
screenshot_5903.png,igdbxb,0
screenshot_5904.png,bkur,0
screenshot_5905.png,gyni,0
screenshot_5906.png,q7q5x,0
screenshot_5907.png,ns473,0
screenshot_5908.png,ybw6,0
screenshot_5909.png,jkqui,0
screenshot_5910.png,cur9xd,0
screenshot_5911.png,uivdg,0
screenshot_5912.png,tpmwe,0
screenshot_5914.png,e5hvz,0
screenshot_5915.png,d4xtea,0
screenshot_5916.png,kguk74,0
screenshot_5917.png,q5ji,0
screenshot_5918.png,6h2n,0
screenshot_5919.png,98sry,0
screenshot_5920.png,b4rhr,0
screenshot_5921.png,iqxbk,0
screenshot_5922.png,35nci,0
screenshot_5923.png,nqg2,0
screenshot_5924.png,au2in,0
screenshot_5925.png,imnkh,0
screenshot_5926.png,b66q,0
screenshot_5927.png,9c7a,0
screenshot_5928.png,yqsw4,0
screenshot_5930.png,m342wn,0
screenshot_5931.png,mbch,0
screenshot_5932.png,a8gz6z,0
screenshot_5933.png,wyek,0
screenshot_5934.png,2rigvx,0
screenshot_5935.png,exgu,0
screenshot_5936.png,g72b,0
screenshot_5937.png,79s42y,0
screenshot_5938.png,6y7rnj,0
screenshot_5939.png,xrfv7,0
screenshot_5940.png,aedhi,0
screenshot_5941.png,w7zd,0
screenshot_5942.png,398b,0
screenshot_5943.png,g9qp5,0
screenshot_5944.png,tcut,0
screenshot_5945.png,qbe5h,0
screenshot_5946.png,ia8c,0
screenshot_5947.png,mai5t,0
screenshot_5948.png,aicde,0
screenshot_5949.png,38di,0
screenshot_5950.png,gnqv8,0
screenshot_5951.png,m8x6i,0
screenshot_5952.png,nfp4yk,0
screenshot_5953.png,a4d97v,0
screenshot_5955.png,5kqj9f,0
screenshot_5956.png,m32h,0
screenshot_5957.png,u5dx,0
screenshot_5958.png,7gwvg,0
screenshot_5960.png,p8ap,0
screenshot_5961.png,kj5mbs,0
screenshot_5962.png,c7sdr,0
screenshot_5963.png,9cp7,0
screenshot_5964.png,e9m63,0
screenshot_5965.png,xwqx,0
screenshot_5966.png,zy65,0
screenshot_5967.png,bmmk7e,0
screenshot_5968.png,gswk,0
screenshot_5969.png,72ez,0
screenshot_5970.png,ctvpw,0
screenshot_5971.png,reka,0
screenshot_5972.png,nh8i,0
screenshot_5973.png,2kytwx,0
screenshot_5975.png,ed3z,0
screenshot_5976.png,yb9f9,0
screenshot_5977.png,4y7u9,0
screenshot_5978.png,wrxhev,0
screenshot_5979.png,3jz8,0
screenshot_5980.png,k7xcxg,0
screenshot_5981.png,exbg,0
screenshot_5982.png,sji5,0
screenshot_5983.png,69di,0
screenshot_5984.png,zqnk,0
screenshot_5985.png,vc32g3,0
screenshot_5987.png,ht4m2,0
screenshot_5989.png,9nic,0
screenshot_5990.png,kzubs,0
screenshot_5991.png,yms4,0
screenshot_5992.png,6qvha,0
screenshot_5993.png,ra8n3,0
screenshot_5994.png,94dv,0
screenshot_5995.png,3vvja,0
screenshot_5996.png,fd4zc,0
screenshot_5997.png,dknhd3,0
screenshot_5998.png,m4yy2,0
screenshot_5999.png,6kjrj,0
screenshot_6001.png,dp2tg5,0
screenshot_6002.png,x4t6g,0
screenshot_6003.png,xuwvb7,0
screenshot_6004.png,tym6tz,0
screenshot_6005.png,2qrin,0
screenshot_6006.png,apag,0
screenshot_6007.png,ktgike,0
screenshot_6008.png,6chj,0
screenshot_6009.png,itkb4d,0
screenshot_6010.png,sgjnse,0
screenshot_6011.png,cnda,0
screenshot_6012.png,b7876,0
screenshot_6013.png,u5e2,0
screenshot_6014.png,y3hyj8,0
screenshot_6016.png,3fk8,0
screenshot_6017.png,8twxs5,0
screenshot_6018.png,zg8r9,0
screenshot_6019.png,6ea7en,0
screenshot_6020.png,8c2s,0
screenshot_6021.png,i5s4cr,0
screenshot_6022.png,zec97,0
screenshot_6023.png,x7fz7,0
screenshot_6024.png,5zjzwg,0
screenshot_6025.png,3pv9x6,0
screenshot_6026.png,74qfj9,0
screenshot_6027.png,ns5i,0
screenshot_6028.png,ejxy4q,0
screenshot_6029.png,5fn,0
screenshot_6030.png,mwqu,0
screenshot_6031.png,86bjc,0
screenshot_6032.png,79efgb,0
screenshot_6033.png,v6iyux,0
screenshot_6034.png,suc9gj,0
screenshot_6035.png,bgkc,0
screenshot_6037.png,52qa,0
screenshot_6038.png,p2f2,0
screenshot_6039.png,92h2s,0
screenshot_6040.png,yb6ux3,0
screenshot_6041.png,6crzxc,0
screenshot_6042.png,p39r,0
screenshot_6043.png,za2y8e,0
screenshot_6044.png,af8dz,0
screenshot_6045.png,bxqny,0
screenshot_6046.png,ffb4z,0
screenshot_6047.png,642i5,0
screenshot_6048.png,bxkcg,0
screenshot_6049.png,hafq8i,0
screenshot_6050.png,rfmp3b,0
screenshot_6051.png,tgsib,0
screenshot_6052.png,uhhrb,0
screenshot_6053.png,8vzj,0
screenshot_6054.png,2zevy,0
screenshot_6055.png,bhsitk,0
screenshot_6056.png,isyf,0
screenshot_6057.png,46m8nj,0
screenshot_6059.png,u76g6d,0
screenshot_6060.png,jscurq,0
screenshot_6061.png,7h36gm,0
screenshot_6062.png,4b4dj5,0
screenshot_6063.png,iaz2h,0
screenshot_6064.png,yk5chf,0
screenshot_6065.png,c8vz,0
screenshot_6066.png,camf,0
screenshot_6067.png,agj4nj,0
screenshot_6068.png,ezgnz,0
screenshot_6069.png,m3jx,0
screenshot_6070.png,pwcb6,0
screenshot_6071.png,d762g,0
screenshot_6072.png,9dpzu,0
screenshot_6073.png,qubap,0
screenshot_6074.png,fg36dh,0
screenshot_6076.png,nyc2d,0
screenshot_6077.png,zttu,0
screenshot_6078.png,ek96ws,0
screenshot_6080.png,nxixy,0
screenshot_6081.png,htnuf,0
screenshot_6082.png,x2k3,0
screenshot_6083.png,zxywm,0
screenshot_6084.png,je3,0
screenshot_6085.png,mbjc,0
screenshot_6086.png,s593qk,0
screenshot_6087.png,n43z69,0
screenshot_6088.png,xjm89p,0
screenshot_6089.png,khyzt,0
screenshot_6090.png,gtxk,0
screenshot_6091.png,eh8zv,0
screenshot_6092.png,fxvmh5,0
screenshot_6093.png,fggn,0
screenshot_6095.png,rbuj,0
screenshot_6096.png,5ah9,0
screenshot_6097.png,56yq3,0
screenshot_6098.png,xiem36,0
screenshot_6099.png,5d4sp,0
screenshot_6100.png,2yrq,0
screenshot_6101.png,hrm4c,0
screenshot_6102.png,usqy,0
screenshot_6103.png,zfi2wn,0
screenshot_6104.png,ipjf,0
screenshot_6105.png,c5uq,0
screenshot_6106.png,wa2jr,0
screenshot_6107.png,r8cp,0
screenshot_6108.png,e5t59,0
screenshot_6109.png,ket8w,0
screenshot_6110.png,y2n5s,0
screenshot_6111.png,jhp2r,0
screenshot_6112.png,4mr63,0
screenshot_6113.png,2byv,0
screenshot_6114.png,2iju,0
screenshot_6115.png,n47k,0
screenshot_6116.png,zib67t,0
screenshot_6117.png,gb4ib,0
screenshot_6118.png,866k2,0
screenshot_6119.png,uuys,0
screenshot_6121.png,qxcy,0
screenshot_6122.png,z6yyd,0
screenshot_6124.png,nkx7tj,0
screenshot_6125.png,8e8q,0
screenshot_6126.png,qvhmu,0
screenshot_6127.png,jgg3ex,0
screenshot_6128.png,uwjkk,0
screenshot_6129.png,aqpn,0
screenshot_6130.png,yp79,0
screenshot_6131.png,mz2i,0
screenshot_6133.png,sqbrsg,0
screenshot_6134.png,hgzkd,0
screenshot_6135.png,vam72v,0
screenshot_6136.png,vbh2r,0
screenshot_6137.png,8mxht,0
screenshot_6138.png,t2rxc,0
screenshot_6139.png,64b5,0
screenshot_6140.png,bvw8m,0
screenshot_6141.png,d3n3a,0
screenshot_6142.png,g2rs,0
screenshot_6143.png,nggv,0
screenshot_6144.png,2knjtd,0
screenshot_6145.png,n4hq,0
screenshot_6146.png,rvmj,0
screenshot_6147.png,h4k3d,0
screenshot_6148.png,a8rp,0
screenshot_6149.png,3yfsi,0
screenshot_6151.png,zbgv,0
screenshot_6154.png,pdqk,0
screenshot_6155.png,v2fck,0
screenshot_6157.png,fwvs,0
screenshot_6158.png,5djk,0
screenshot_6159.png,piyqn,0
screenshot_6160.png,fz756,0
screenshot_6162.png,6829,0
screenshot_6163.png,v4nzjq,0
screenshot_6164.png,ezqp,0
screenshot_6165.png,5vv273,0
screenshot_6166.png,aw6t,0
screenshot_6167.png,i9p3,0
screenshot_6168.png,fvyvme,0
screenshot_6169.png,cjw6,0
screenshot_6170.png,a6nz,0
screenshot_6171.png,xa39,0
screenshot_6172.png,uh24q,0
screenshot_6173.png,ctfa4,0
screenshot_6174.png,zcdg,0
screenshot_6175.png,3yip,0
screenshot_6176.png,u3r6,0
screenshot_6177.png,vyi6zf,0
screenshot_6178.png,a4b9,0
screenshot_6179.png,jzx7hb,0
screenshot_6180.png,gysd,0
screenshot_6181.png,yawk,0
screenshot_6182.png,evj87,0
screenshot_6183.png,df23,0
screenshot_6184.png,5kexa,0
screenshot_6185.png,bx9cmj,0
screenshot_6186.png,3jzjxp,0
screenshot_6187.png,4s7i,0
screenshot_6188.png,tg6qe8,0
screenshot_6189.png,fcq457,0
screenshot_6190.png,fded,0
screenshot_6191.png,w5ndb,0
screenshot_6192.png,r6u3,0
screenshot_6193.png,ndbx,0
screenshot_6194.png,2hs4x,0
screenshot_6195.png,pnxbpg,0
screenshot_6196.png,xw7nc6,0
screenshot_6197.png,aqdv,0
screenshot_6198.png,bne,0
screenshot_6200.png,49k2,0
screenshot_6201.png,473ms9,0
screenshot_6203.png,bq9cfx,0
screenshot_6204.png,yhht8,0
screenshot_6205.png,b9paku,0
screenshot_6207.png,8gj4ig,0
screenshot_6208.png,reuzs,0
screenshot_6209.png,w8tpdw,0
screenshot_6212.png,ywwep,0
screenshot_6213.png,iphdh,0
screenshot_6214.png,mk5374,0
screenshot_6215.png,pfgs,0
screenshot_6216.png,9jfdhq,0
screenshot_6217.png,j9pzbg,0
screenshot_6218.png,usjv2,0
screenshot_6219.png,mqrwr,0
screenshot_6220.png,ebyg3,0
screenshot_6221.png,tsava,0
screenshot_6222.png,xfrqa,0
screenshot_6223.png,mi5ka,0
screenshot_6224.png,dcrj6,0
screenshot_6225.png,7i965x,0
screenshot_6226.png,6wtiz,0
screenshot_6227.png,ptfk,0
screenshot_6228.png,ed48,0
screenshot_6229.png,7sjja,0
screenshot_6230.png,5ebz,0
screenshot_6231.png,iugyy,0
screenshot_6232.png,t64k,0
screenshot_6233.png,mwx4b,0
screenshot_6234.png,q8ckd,0
screenshot_6235.png,ync7t,0
screenshot_6236.png,bhke,0
screenshot_6237.png,9w8y,0
screenshot_6238.png,w58y3t,0
screenshot_6239.png,t8zf,0
screenshot_6241.png,8ysvy,0
screenshot_6242.png,wamx,0
screenshot_6243.png,ci7h3,0
screenshot_6244.png,drhj,0
screenshot_6245.png,34fu,0
screenshot_6246.png,dq28ix,0
screenshot_6247.png,pahu,0
screenshot_6248.png,fmdw,0
screenshot_6249.png,2s9ept,0
screenshot_6250.png,k3jd,0
screenshot_6251.png,e95ba,0
screenshot_6252.png,6hqb,0
screenshot_6253.png,3gc9,0
screenshot_6254.png,yupvq,0
screenshot_6255.png,pizhw,0
screenshot_6256.png,rbyi,0
screenshot_6257.png,e7vsbk,0
screenshot_6258.png,sjxd,0
screenshot_6259.png,crkvd,0
screenshot_6260.png,s7c7yx,0
screenshot_6261.png,v98bum,0
screenshot_6263.png,kmhf2,0
screenshot_6264.png,835r,0
screenshot_6266.png,78nbme,0
screenshot_6267.png,8gu4,0
screenshot_6268.png,62zmp,0
screenshot_6269.png,jcty5m,0
screenshot_6270.png,sn4x,0
screenshot_6271.png,rxu5,0
screenshot_6272.png,jpc9,0
screenshot_6273.png,r2vq,0
screenshot_6275.png,e64jrv,0
screenshot_6276.png,y8we,0
screenshot_6277.png,7zftm,0
screenshot_6278.png,pfsug,0
screenshot_6280.png,psmx,0
screenshot_6281.png,zxbewk,0
screenshot_6282.png,viejuj,0
screenshot_6283.png,vtv8,0
screenshot_6284.png,gyj9r,0
screenshot_6285.png,xxifq,0
screenshot_6286.png,9sdazm,0
screenshot_6287.png,p2mz,0
screenshot_6288.png,cytb,0
screenshot_6289.png,b8damf,0
screenshot_6290.png,e9r24,0
screenshot_6291.png,wk4cjd,0
screenshot_6292.png,gtik,0
screenshot_6293.png,wgw7j,0
screenshot_6294.png,ddk7,0
screenshot_6295.png,krxzv,0
screenshot_6296.png,8d7c,0
screenshot_6297.png,5hmu9,0
screenshot_6298.png,exdiv9,0
screenshot_6299.png,wc9iq4,0
screenshot_6301.png,j6b2,0
screenshot_6302.png,ksgf,0
screenshot_6303.png,yty2,0
screenshot_6304.png,zfixk,0
screenshot_6305.png,9zh64k,0
screenshot_6306.png,dlat7,0
screenshot_6307.png,znutmk,0
screenshot_6308.png,3wd7,0
screenshot_6309.png,kgnv2,0
screenshot_6310.png,4yx9s,0
screenshot_6311.png,tk6p4p,0
screenshot_6312.png,s7e9,0
screenshot_6314.png,53tc,0
screenshot_6315.png,pi3b7,0
screenshot_6316.png,aziig,0
screenshot_6317.png,nhsdma,0
screenshot_6318.png,mjhx4p,0
screenshot_6319.png,tsmpq,0
screenshot_6320.png,mj89x,0
screenshot_6321.png,2igjep,0
screenshot_6322.png,sd5tc,0
screenshot_6323.png,3yf7kc,0
screenshot_6324.png,rqfga,0
screenshot_6325.png,ni4u,0
screenshot_6326.png,6axk97,0
screenshot_6328.png,58nb8,0
screenshot_6329.png,4y242j,0
screenshot_6330.png,igxh,0
screenshot_6331.png,3h945,0
screenshot_6333.png,y9iv,0
screenshot_6334.png,76829,0
screenshot_6335.png,j46p9n,0
screenshot_6336.png,xr98,0
screenshot_6337.png,eh7y3,0
screenshot_6338.png,cem7qa,0
screenshot_6339.png,usix7y,0
screenshot_6340.png,n6uht,0
screenshot_6341.png,92wis4,0
screenshot_6342.png,wcqb2x,0
screenshot_6343.png,cyhg,0
screenshot_6344.png,8pvg,0
screenshot_6345.png,3i6m,0
screenshot_6346.png,hjy4k,0
screenshot_6347.png,m3q9,0
screenshot_6348.png,a439,0
screenshot_6349.png,st3n2,0
screenshot_6350.png,kpyp,0
screenshot_6351.png,qjx2fv,0
screenshot_6352.png,bpgkd7,0
screenshot_6353.png,f635,0
screenshot_6354.png,8zi8n,0
screenshot_6355.png,hqw4,0
screenshot_6356.png,dzawnz,0
screenshot_6357.png,cwifet,0
screenshot_6358.png,p4qf3d,0
screenshot_6359.png,vk3pv,0
screenshot_6360.png,khgi,0
screenshot_6361.png,mvh8t,0
screenshot_6362.png,cacgq,0
screenshot_6363.png,r4jj,0
screenshot_6364.png,q2yw,0
screenshot_6365.png,5x8gs,0
screenshot_6367.png,acj4,0
screenshot_6369.png,hbvwa,0
screenshot_6370.png,dh8b,0
screenshot_6371.png,5gcnz,0
screenshot_6372.png,hf83n,0
screenshot_6373.png,wgpxi,0
screenshot_6374.png,ydej,0
screenshot_6375.png,p8453,0
screenshot_6376.png,ja3z6,0
screenshot_6377.png,m5wf,0
screenshot_6378.png,2jkeae,0
screenshot_6379.png,guic,0
screenshot_6381.png,6txxqv,0
screenshot_6382.png,nz7m8,0
screenshot_6383.png,n9hxu,0
screenshot_6384.png,rq6ar,0
screenshot_6385.png,f6yxnc,0
screenshot_6386.png,df3ue,0
screenshot_6387.png,we7u,0
screenshot_6388.png,9dttx8,0
screenshot_6389.png,ibqa,0
screenshot_6390.png,w6psx,0
screenshot_6392.png,8eyhy,0
screenshot_6393.png,qns3bp,0
screenshot_6394.png,qhna,0
screenshot_6395.png,v2hy2,0
screenshot_6396.png,g3nkz,0
screenshot_6397.png,98cd,0
screenshot_6398.png,yr96,0
screenshot_6399.png,n66pm,0
screenshot_6400.png,jc72p7,0
screenshot_6402.png,r2af,0
screenshot_6403.png,reev,0
screenshot_6404.png,xzpkx,0
screenshot_6405.png,rdmd,0
screenshot_6406.png,r6yxc,0
screenshot_6407.png,yzbpy,0
screenshot_6408.png,4dtfd5,0
screenshot_6409.png,zjm2b,0
screenshot_6410.png,bqwm5,0
screenshot_6411.png,v39ht,0
screenshot_6412.png,cg72,0
screenshot_6413.png,3uf9y,0
screenshot_6414.png,cqatwg,0
screenshot_6415.png,pv4m3i,0
screenshot_6416.png,kirsk,0
screenshot_6417.png,n64g,0
screenshot_6418.png,h88j,0
screenshot_6419.png,a3wvfp,0
screenshot_6420.png,3m3w4x,0
screenshot_6421.png,usxn,0
screenshot_6422.png,8fkkhi,0
screenshot_6424.png,ycp3rm,0
screenshot_6425.png,s8avb,0
screenshot_6426.png,f7scf,0
screenshot_6427.png,mjebcd,0
screenshot_6428.png,mrp7v,0
screenshot_6429.png,cbays,0
screenshot_6430.png,qcim,0
screenshot_6431.png,6pd8x8,0
screenshot_6432.png,ktcva,0
screenshot_6433.png,9dsk3,0
screenshot_6434.png,7ny4rb,0
screenshot_6435.png,dzmr,0
screenshot_6436.png,hyaj,0
screenshot_6437.png,w4b2a,0
screenshot_6438.png,gwqx,0
screenshot_6439.png,ue8q5,0
screenshot_6440.png,a3w9r,0
screenshot_6441.png,53wiud,0
screenshot_6442.png,un534,0
screenshot_6443.png,wn24jz,0
screenshot_6444.png,kkwh,0
screenshot_6445.png,pywxz7,0
screenshot_6446.png,6a9wc,0
screenshot_6447.png,x8gw,0
screenshot_6448.png,him,0
screenshot_6449.png,stg82,0
screenshot_6450.png,bpdu,0
screenshot_6451.png,vpf8qx,0
screenshot_6452.png,rthsy,0
screenshot_6453.png,4fgq,0
screenshot_6454.png,p3k5,0
screenshot_6455.png,fpr2,0
screenshot_6456.png,vxsus5,0
screenshot_6457.png,9rpq6m,0
screenshot_6458.png,gkqqru,0
screenshot_6459.png,4hj5h,0
screenshot_6460.png,dii6,0
screenshot_6461.png,gd9n9,0
screenshot_6463.png,fh2q3b,0
screenshot_6464.png,qi39,0
screenshot_6465.png,cnab9d,0
screenshot_6466.png,gvcf,0
screenshot_6468.png,vuwrm,0
screenshot_6470.png,nxatac,0
screenshot_6471.png,46kwz,0
screenshot_6472.png,y338,0
screenshot_6473.png,u5jmah,0
screenshot_6474.png,6jw5hj,0
screenshot_6475.png,efgdi,0
screenshot_6477.png,h57y,0
screenshot_6478.png,d6r9k,0
screenshot_6479.png,ns5w,0
screenshot_6480.png,ac7fm,0
screenshot_6481.png,iubn,0
screenshot_6482.png,ufk2g2,0
screenshot_6483.png,2ruj,0
screenshot_6484.png,3u6i,0
screenshot_6485.png,93wcp,0
screenshot_6486.png,juq,0
screenshot_6487.png,3p9g,0
screenshot_6488.png,s2gvmr,0
screenshot_6489.png,ivqj4f,0
screenshot_6490.png,at4vsi,0
screenshot_6493.png,t7qk4z,0
screenshot_6494.png,zfc3c8,0
screenshot_6495.png,jbdj,0
screenshot_6496.png,e6hbep,0
screenshot_6497.png,zhmts,0
screenshot_6498.png,acxyr4,0
screenshot_6499.png,gjvb,0
screenshot_6500.png,k47c,0
screenshot_6501.png,q7hi,0
screenshot_6502.png,ihnsk,0
screenshot_6503.png,veut,0
screenshot_6504.png,6ws2,0
screenshot_6505.png,zkhuf9,0
screenshot_6506.png,92scti,0
screenshot_6507.png,thvd,0
screenshot_6508.png,knhd,0
screenshot_6509.png,g8y3s,0
screenshot_6510.png,ivu5,0
screenshot_6511.png,yebqnt,0
screenshot_6512.png,mzet,0
screenshot_6513.png,t9gum3,0
screenshot_6514.png,5r943,0
screenshot_6515.png,nzbx,0
screenshot_6516.png,5vgj9,0
screenshot_6517.png,vuzt,0
screenshot_6518.png,zdmrs,0
screenshot_6519.png,yfx4,0
screenshot_6520.png,p37rbj,0
screenshot_6521.png,jvp,0
screenshot_6522.png,dk5ti,0
screenshot_6523.png,q6s6,0
screenshot_6524.png,vr6d2,0
screenshot_6525.png,a2m6m,0
screenshot_6526.png,v8ih,0
screenshot_6527.png,tnm2,0
screenshot_6528.png,2g2957,0
screenshot_6529.png,3ns5,0
screenshot_6530.png,xnkw,0
screenshot_6531.png,wdx33,0
screenshot_6532.png,byv5y,0
screenshot_6533.png,a33u,0
screenshot_6534.png,zyr56,0
screenshot_6535.png,tduv8d,0
screenshot_6536.png,7fegp,0
screenshot_6537.png,tcw9zy,0
screenshot_6538.png,jn846,0
screenshot_6539.png,xvt7i2,0
screenshot_6540.png,6hbpjw,0
screenshot_6541.png,f2yqnx,0
screenshot_6542.png,eya5f,0
screenshot_6543.png,tr9iw,0
screenshot_6544.png,qdtsjm,0
screenshot_6545.png,w3bj,0
screenshot_6546.png,4a6vz,0
screenshot_6547.png,s4d7b,0
screenshot_6548.png,aty96,0
screenshot_6549.png,9ncfz6,0
screenshot_6550.png,mynf5,0
screenshot_6551.png,km46,0
screenshot_6552.png,73ysq,0
screenshot_6553.png,x4uxx,0
screenshot_6554.png,8gaah9,0
screenshot_6555.png,iw9x,0
screenshot_6556.png,47d3,0
screenshot_6558.png,5fz2i,0
screenshot_6559.png,e7dax6,0
screenshot_6560.png,uaxs,0
screenshot_6561.png,36nvdh,0
screenshot_6562.png,56sgkq,0
screenshot_6563.png,zabpr,0
screenshot_6564.png,xcbvcp,0
screenshot_6565.png,6ygg6,0
screenshot_6566.png,fhua6n,0
screenshot_6567.png,5tak,0
screenshot_6568.png,548b,0
screenshot_6569.png,9bt4,0
screenshot_6571.png,ryd67,0
screenshot_6572.png,xqwb,0
screenshot_6573.png,6h3z,0
screenshot_6574.png,2excr,0
screenshot_6575.png,ayhdz4,0
screenshot_6576.png,gsg5en,0
screenshot_6578.png,t9awx,0
screenshot_6579.png,ijhsu7,0
screenshot_6580.png,c6wgvc,0
screenshot_6581.png,tp62u,0
screenshot_6582.png,azsws,0
screenshot_6583.png,ignw,0
screenshot_6584.png,hezhc,0
screenshot_6585.png,tva6u9,0
screenshot_6586.png,a8jrt,0
screenshot_6587.png,8g6,0
screenshot_6588.png,ts3au,0
screenshot_6589.png,dtvxih,0
screenshot_6590.png,asriv,0
screenshot_6591.png,zyc7ve,0
screenshot_6592.png,t8a9jy,0
screenshot_6593.png,f2xu6g,0
screenshot_6594.png,yjer,0
screenshot_6595.png,7ye35,0
screenshot_6596.png,raqpec,0
screenshot_6597.png,vznzd,0
screenshot_6598.png,bvut,0
screenshot_6600.png,2s8e,0
screenshot_6601.png,bd59c3,0
screenshot_6602.png,9fefc,0
screenshot_6604.png,j8x9g,0
screenshot_6605.png,mxzem,0
screenshot_6606.png,8b4p,0
screenshot_6607.png,f7nd7n,0
screenshot_6609.png,6u2bj3,0
screenshot_6610.png,ravf,0
screenshot_6611.png,f5ipmw,0
screenshot_6612.png,b5s6u,0
screenshot_6613.png,ufv9,0
screenshot_6615.png,bjadck,0
screenshot_6616.png,p7mavj,0
screenshot_6617.png,bf2gu,0
screenshot_6618.png,xieck,0
screenshot_6619.png,vcq3,0
screenshot_6620.png,wzdmb5,0
screenshot_6621.png,c9xt22,0
screenshot_6622.png,7b3n,0
screenshot_6623.png,ww9p,0
screenshot_6624.png,dkwbr2,0
screenshot_6625.png,mdsqfc,0
screenshot_6626.png,eaziw,0
screenshot_6627.png,7eph,0
screenshot_6629.png,nz436k,0
screenshot_6630.png,958kq,0
screenshot_6631.png,f3se7,0
screenshot_6632.png,wtrwpw,0
screenshot_6633.png,g48jre,0
screenshot_6634.png,s5thw,0
screenshot_6635.png,q64g4,0
screenshot_6636.png,e9c8m,0
screenshot_6637.png,2mep6,0
screenshot_6638.png,6vexr,0
screenshot_6639.png,uyk5,0
screenshot_6640.png,yxy2pr,0
screenshot_6641.png,qda64,0
screenshot_6642.png,5ac54,0
screenshot_6643.png,aw6f,0
screenshot_6644.png,x6ct,0
screenshot_6645.png,gfzp3s,0
screenshot_6647.png,bi6p,0
screenshot_6648.png,f9p62z,0
screenshot_6650.png,r3bnv,0
screenshot_6651.png,kqpt,0
screenshot_6652.png,7ycsp,0
screenshot_6653.png,8uqmpz,0
screenshot_6654.png,b8bz,0
screenshot_6655.png,cqbf,0
screenshot_6656.png,krbw4z,0
screenshot_6657.png,hktusg,0
screenshot_6658.png,rdr5vj,0
screenshot_6659.png,k3b2xk,0
screenshot_6660.png,697j,0
screenshot_6661.png,wbey,0
screenshot_6662.png,r423,0
screenshot_6663.png,9bfu,0
screenshot_6664.png,tr32p,0
screenshot_6665.png,e3p3fy,0
screenshot_6667.png,jbk5h2,0
screenshot_6668.png,ytxpv7,0
screenshot_6669.png,rywii,0
screenshot_6670.png,nveidt,0
screenshot_6671.png,jkanzm,0
screenshot_6672.png,vfm6h,0
screenshot_6673.png,pkaj,0
screenshot_6674.png,vxe57n,0
screenshot_6675.png,gquat,0
screenshot_6676.png,xfsi,0
screenshot_6677.png,jd8kc,0
screenshot_6678.png,cbz5q,0
screenshot_6679.png,94qm,0
screenshot_6680.png,tduke,0
screenshot_6681.png,hazer,0
screenshot_6682.png,jd75yd,0
screenshot_6683.png,5yvpc,0
screenshot_6684.png,wnk8un,0
screenshot_6685.png,aien2,0
screenshot_6686.png,v2wfc,0
screenshot_6687.png,5f8it,0
screenshot_6688.png,ips973,0
screenshot_6689.png,ibwh,0
screenshot_6690.png,q6sc,0
screenshot_6691.png,3ztew8,0
screenshot_6692.png,gi48j2,0
screenshot_6693.png,5udqcf,0
screenshot_6694.png,dfnjf,0
screenshot_6695.png,3r2kzc,0
screenshot_6696.png,by2s,0
screenshot_6697.png,kms79t,0
screenshot_6698.png,ph23,0
screenshot_6699.png,8ksqsq,0
screenshot_6700.png,yhey46,0
screenshot_6701.png,64niw3,0
screenshot_6702.png,xgddm2,0
screenshot_6703.png,annzi,0
screenshot_6704.png,qm6r2,0
screenshot_6705.png,3ic8,0
screenshot_6706.png,f2y2,0
screenshot_6707.png,hq4f,0
screenshot_6708.png,529kt,0
screenshot_6709.png,cgpwf,0
screenshot_6710.png,z3dy,0
screenshot_6711.png,ab6ib,0
screenshot_6713.png,7s8p,0
screenshot_6714.png,2gt8xj,0
screenshot_6715.png,gbtu,0
screenshot_6716.png,veq6q,0
screenshot_6717.png,kdgzk,0
screenshot_6718.png,nbsa7,0
screenshot_6719.png,suqqj,0
screenshot_6720.png,dxkcfz,0
screenshot_6721.png,4f9tp,0
screenshot_6722.png,2dvysr,0
screenshot_6723.png,7ufpx3,0
screenshot_6724.png,yr2z,0
screenshot_6726.png,bjmyj,0
screenshot_6727.png,rnrq,0
screenshot_6728.png,5964iq,0
screenshot_6729.png,idpew,0
screenshot_6731.png,84zqa,0
screenshot_6732.png,ep67,0
screenshot_6733.png,6x5he,0
screenshot_6734.png,pqjcha,0
screenshot_6735.png,5qgc4i,0
screenshot_6736.png,q2bc,0
screenshot_6737.png,hpzi,0
screenshot_6738.png,w4hwx,0
screenshot_6739.png,qrfp,0
screenshot_6740.png,2ngxgc,0
screenshot_6742.png,s39is6,0
screenshot_6743.png,ufetb,0
screenshot_6744.png,az7zdh,0
screenshot_6745.png,tqvfj,0
screenshot_6746.png,rg8f,0
screenshot_6747.png,m6ju6,0
screenshot_6748.png,ccct,0
screenshot_6749.png,e3fnb8,0
screenshot_6750.png,qmuk,0
screenshot_6751.png,fffwu,0
screenshot_6752.png,5zm2k,0
screenshot_6753.png,cs289e,0
screenshot_6754.png,6yip,0
screenshot_6755.png,y977f,0
screenshot_6756.png,mec7k9,0
screenshot_6757.png,esz47,0
screenshot_6758.png,54z3,0
screenshot_6759.png,3sm587,0
screenshot_6760.png,bhaifw,0
screenshot_6761.png,346z,0
screenshot_6762.png,bgz9,0
screenshot_6763.png,ayr2,0
screenshot_6764.png,e5t6j4,0
screenshot_6765.png,weerc2,0
screenshot_6766.png,xqvbnz,0
screenshot_6767.png,awic,0
screenshot_6768.png,zwyit,0
screenshot_6769.png,6nayh,0
screenshot_6770.png,dwig2,0
screenshot_6772.png,4r3n4k,0
screenshot_6773.png,nkt2mh,0
screenshot_6775.png,yrbab,0
screenshot_6776.png,2idq,0
screenshot_6777.png,jf8ae,0
screenshot_6778.png,q3smdt,0
screenshot_6779.png,y2xiu,0
screenshot_6780.png,qfknf9,0
screenshot_6781.png,vmuv,0
screenshot_6782.png,jus9,0
screenshot_6783.png,rfbg4,0
screenshot_6784.png,9ipmxg,0
screenshot_6785.png,p462c,0
screenshot_6786.png,herfn,0
screenshot_6787.png,fqxv,0
screenshot_6788.png,au26c,0
screenshot_6789.png,kjgm,0
screenshot_6790.png,cfu5,0
screenshot_6791.png,u5k9k,0
screenshot_6792.png,2b2jw,0
screenshot_6793.png,kh9sqh,0
screenshot_6794.png,ty769i,0
screenshot_6795.png,ip994q,0
screenshot_6796.png,sau58v,0
screenshot_6797.png,j95x6f,0
screenshot_6798.png,vk33a,0
screenshot_6799.png,evia,0
screenshot_6800.png,ufub,0
screenshot_6801.png,rth3,0
screenshot_6802.png,bvy65e,0
screenshot_6803.png,bc9i,0
screenshot_6804.png,ff5g,0
screenshot_6805.png,5cjsg,0
screenshot_6806.png,wcbu,0
screenshot_6807.png,ja8e3j,0
screenshot_6808.png,xq739w,0
screenshot_6809.png,4j7w,0
screenshot_6810.png,gamq,0
screenshot_6811.png,6dr6k,0
screenshot_6812.png,nay4a,0
screenshot_6813.png,57r658,0
screenshot_6814.png,pzqw,0
screenshot_6815.png,7dz6gj,0
screenshot_6816.png,yai7,0
screenshot_6817.png,7fcw,0
screenshot_6818.png,n29ha7,0
screenshot_6819.png,q7tq4,0
screenshot_6821.png,twcv5,0
screenshot_6822.png,gfv4ed,0
screenshot_6823.png,hcj9,0
screenshot_6824.png,7am7x,0
screenshot_6826.png,mq66f,0
screenshot_6827.png,649c,0
screenshot_6828.png,536,0
screenshot_6829.png,ycsqns,0
screenshot_6830.png,jzwbz,0
screenshot_6831.png,nhi4m,0
screenshot_6832.png,xj53yz,0
screenshot_6833.png,ivnu7d,0
screenshot_6834.png,hy3ft,0
screenshot_6835.png,m36rbd,0
screenshot_6836.png,mdqfbg,0
screenshot_6837.png,784kq,0
screenshot_6838.png,tfkj,0
screenshot_6839.png,7fc2a,0
screenshot_6840.png,4rsr,0
screenshot_6841.png,vrhi,0
screenshot_6842.png,29fkg6,0
screenshot_6843.png,niqb,0
screenshot_6844.png,yenc,0
screenshot_6845.png,x9z98v,0
screenshot_6846.png,9a95c,0
screenshot_6847.png,7d34n,0
screenshot_6848.png,726b,0
screenshot_6849.png,l6v5u,0
screenshot_6850.png,dabpb,0
screenshot_6851.png,if6c82,0
screenshot_6852.png,psfp,0
screenshot_6853.png,yrwnj,0
screenshot_6854.png,8jv7,0
screenshot_6855.png,38s8,0
screenshot_6856.png,wqia7,0
screenshot_6857.png,szv3,0
screenshot_6858.png,nue2,0
screenshot_6859.png,fdu7,0
screenshot_6860.png,5wyj,0
screenshot_6862.png,igzhvt,0
screenshot_6863.png,v7y6jg,0
screenshot_6864.png,36r224,0
screenshot_6865.png,asjy,0
screenshot_6866.png,xyzx6,0
screenshot_6867.png,y27z,0
screenshot_6868.png,xbpdgr,0
screenshot_6869.png,3asdx,0
screenshot_6870.png,3nxxmu,0
screenshot_6871.png,t4x4p2,0
screenshot_6872.png,ak5d,0
screenshot_6873.png,ns7z,0
screenshot_6874.png,syng7,0
screenshot_6875.png,k2m3,0
screenshot_6876.png,nsm7,0
screenshot_6877.png,q63u,0
screenshot_6878.png,s4jt,0
screenshot_6879.png,2n9kj,0
screenshot_6880.png,q2bve,0
screenshot_6881.png,avzz,0
screenshot_6882.png,4quaup,0
screenshot_6883.png,9xz6,0
screenshot_6884.png,mvic,0
screenshot_6885.png,zcgc,0
screenshot_6886.png,m3vh,0
screenshot_6887.png,ew58av,0
screenshot_6888.png,ck8gg,0
screenshot_6889.png,qm6sj,0
screenshot_6890.png,v2sqv,0
screenshot_6891.png,dq56,0
screenshot_6892.png,a2448,0
screenshot_6893.png,b4vpdu,0
screenshot_6894.png,3t4q,0
screenshot_6895.png,smcnwp,0
screenshot_6896.png,indw9c,0
screenshot_6897.png,k94j,0
screenshot_6898.png,ud2u,0
screenshot_6899.png,pkrz4m,0
screenshot_6900.png,jv9nq,0
screenshot_6901.png,8iw3,0
screenshot_6902.png,ftjex6,0
screenshot_6904.png,vdu4h,0
screenshot_6905.png,t9dqv,0
screenshot_6906.png,mgbva,0
screenshot_6907.png,w24st,0
screenshot_6909.png,kuhr,0
screenshot_6910.png,ihikh,0
screenshot_6911.png,nzygmq,0
screenshot_6912.png,kn3cd,0
screenshot_6913.png,xuzq4h,0
screenshot_6914.png,n2n9d,0
screenshot_6915.png,u86zk,0
screenshot_6916.png,9hsuqr,0
screenshot_6917.png,fc5w8w,0
screenshot_6918.png,ffh5,0
screenshot_6919.png,kivsbs,0
screenshot_6920.png,2yzpyv,0
screenshot_6921.png,8v6a,0
screenshot_6922.png,yxzx,0
screenshot_6923.png,wm3pu,0
screenshot_6924.png,3qdd,0
screenshot_6925.png,siqirq,0
screenshot_6926.png,64pic,0
screenshot_6928.png,5pk49d,0
screenshot_6929.png,ya7cb,0
screenshot_6930.png,h2p2u,0
screenshot_6931.png,9cc58t,0
screenshot_6932.png,fti3m,0
screenshot_6933.png,9ydn,0
screenshot_6934.png,b5sy4,0
screenshot_6935.png,mymy,0
screenshot_6936.png,dd7y,0
screenshot_6937.png,tjis,0
screenshot_6938.png,9dijvh,0
screenshot_6939.png,nd3zi,0
screenshot_6940.png,ishxqm,0
screenshot_6941.png,meqi,0
screenshot_6943.png,hm3ei,0
screenshot_6944.png,6vfi,0
screenshot_6945.png,4zw,0
screenshot_6947.png,mxc6u,0
screenshot_6948.png,i3jygc,0
screenshot_6949.png,xhw8by,0
screenshot_6950.png,q62zh,0
screenshot_6951.png,srbzs,0
screenshot_6952.png,xdjf,0
screenshot_6953.png,sf4s,0
screenshot_6954.png,myig8,0
screenshot_6955.png,x629sh,0
screenshot_6957.png,f2x5m,0
screenshot_6958.png,mdn5,0
screenshot_6959.png,xset8,0
screenshot_6960.png,3ys8,0
screenshot_6961.png,ne6cs,0
screenshot_6962.png,rhvifh,0
screenshot_6963.png,gcj8,0
screenshot_6964.png,eryhx,0
screenshot_6965.png,s5cr,0
screenshot_6966.png,dmb2v,0
screenshot_6967.png,b9h9b,0
screenshot_6968.png,wrx4,0
screenshot_6969.png,f29pq,0
screenshot_6970.png,6hxvk,0
screenshot_6971.png,2yue,0
screenshot_6972.png,zxqiq,0
screenshot_6973.png,49wan,0
screenshot_6974.png,ish5,0
screenshot_6975.png,yt9n,0
screenshot_6976.png,c7yfhz,0
screenshot_6977.png,ymja,0
screenshot_6979.png,pn8p,0
screenshot_6980.png,9kmj3,0
screenshot_6981.png,myp6v4,0
screenshot_6982.png,8zdq6,0
screenshot_6983.png,xbunf,0
screenshot_6984.png,i4h6,0
screenshot_6985.png,aqpz,0
screenshot_6986.png,nduvmu,0
screenshot_6987.png,6c5mh5,0
screenshot_6988.png,p35iw,0
screenshot_6989.png,iu5h,0
screenshot_6990.png,3p7f,0
screenshot_6991.png,xmec,0
screenshot_6992.png,7s9ve2,0
screenshot_6993.png,2r4id,0
screenshot_6994.png,hvhzz,0
screenshot_6995.png,yme79n,0
screenshot_6996.png,2kc9,0
screenshot_6997.png,suy4,0
screenshot_6998.png,4xyt,0
screenshot_6999.png,ijhy,0
screenshot_7000.png,ke99,0
screenshot_7001.png,qx4i9,0
screenshot_7002.png,q9xwnr,0
screenshot_7003.png,2jwsi,0
screenshot_7004.png,7cmma,0
screenshot_7006.png,hcinp,0
screenshot_7007.png,7qwnqr,0
screenshot_7008.png,96cmj,0
screenshot_7009.png,9xd8h4,0
screenshot_7010.png,njyj,0
screenshot_7011.png,9u68bi,0
screenshot_7012.png,35y4w5,0
screenshot_7013.png,9b28,0
screenshot_7014.png,3gn9t,0
screenshot_7015.png,94df,0
screenshot_7016.png,ueim,0
screenshot_7017.png,nkcewt,0
screenshot_7018.png,5dn5r,0
screenshot_7019.png,rg5nkr,0
screenshot_7020.png,uckkg,0
screenshot_7021.png,4cd7,0
screenshot_7022.png,9uva,0
screenshot_7023.png,6wsh5,0
screenshot_7024.png,9z7mq2,0
screenshot_7025.png,jbvhg,0
screenshot_7026.png,3n5z8u,0
screenshot_7027.png,fn6k,0
screenshot_7028.png,ngnpgx,0
screenshot_7029.png,nysg3,0
screenshot_7030.png,qized8,0
screenshot_7031.png,pfdt,0
screenshot_7032.png,ambk3,0
screenshot_7033.png,nb9hr,0
screenshot_7034.png,gm5rg,0
screenshot_7035.png,yraw9,0
screenshot_7036.png,3ae72,0
screenshot_7038.png,bkg5i,0
screenshot_7039.png,biw3c,0
screenshot_7040.png,b5dh,0
screenshot_7041.png,essd,0
screenshot_7042.png,igrpg,0
screenshot_7043.png,fq8w,0
screenshot_7044.png,j3ew,0
screenshot_7045.png,iks4v,0
screenshot_7046.png,eisrqh,0
screenshot_7047.png,rxd6ev,0
screenshot_7049.png,7hn8,0
screenshot_7050.png,dczn,0
screenshot_7051.png,8y4a,0
screenshot_7052.png,g9682,0
screenshot_7053.png,zky5,0
screenshot_7054.png,phqpi9,0
screenshot_7055.png,fjem,0
screenshot_7056.png,rbfrt,0
screenshot_7057.png,e5f2ni,0
screenshot_7058.png,agms,0
screenshot_7059.png,ex4tj,0
screenshot_7060.png,3vqiu,0
screenshot_7061.png,e6xem7,0
screenshot_7062.png,ypug,0
screenshot_7063.png,7agrnk,0
screenshot_7064.png,gx5f,0
screenshot_7065.png,e49w,0
screenshot_7066.png,tssy8m,0
screenshot_7067.png,6say6,0
screenshot_7068.png,2cq2n,0
screenshot_7069.png,m443,0
screenshot_7070.png,69q82,0
screenshot_7071.png,tkg4,0
screenshot_7072.png,rybfa,0
screenshot_7073.png,4srv,0
screenshot_7075.png,szwdgc,0
screenshot_7076.png,iranr3,0
screenshot_7077.png,cq6x,0
screenshot_7078.png,4dad,0
screenshot_7079.png,pi9x,0
screenshot_7080.png,xek3,0
screenshot_7081.png,vxvg,0
screenshot_7082.png,jxj6w,0
screenshot_7083.png,rzcb,0
screenshot_7084.png,6mupn,0
screenshot_7085.png,m2uwux,0
screenshot_7086.png,2j86,0
screenshot_7087.png,cpsn8,0
screenshot_7088.png,k3beai,0
screenshot_7089.png,9dzvd,0
screenshot_7090.png,wit5vc,0
screenshot_7091.png,cv8ag,0
screenshot_7092.png,68qrv,0
screenshot_7093.png,ucgk2,0
screenshot_7094.png,vivh,0
screenshot_7095.png,9hu6,0
screenshot_7096.png,yutbyb,0
screenshot_7097.png,5m3ez,0
screenshot_7098.png,zivtg,0
screenshot_7099.png,eyw9,0
screenshot_7100.png,szaw36,0
screenshot_7101.png,ghmf,0
screenshot_7102.png,x8fkdv,0
screenshot_7103.png,r5ykg,0
screenshot_7105.png,wahjx,0
screenshot_7106.png,vrcns,0
screenshot_7107.png,23ri5q,0
screenshot_7108.png,enhgw,0
screenshot_7109.png,6ieqg3,0
screenshot_7110.png,5j72j,0
screenshot_7111.png,674aq,0
screenshot_7112.png,k9c8y7,0
screenshot_7113.png,y8e2,0
screenshot_7114.png,bn62,0
screenshot_7115.png,dj9dm,0
screenshot_7116.png,eus4f,0
screenshot_7117.png,3hwu,0
screenshot_7118.png,9hruy9,0
screenshot_7119.png,6x3gm,0
screenshot_7120.png,szi3h,0
screenshot_7121.png,k5w2,0
screenshot_7122.png,ftuv,0
screenshot_7123.png,rvdg,0
screenshot_7124.png,fpk4a,0
screenshot_7125.png,dbf8f7,0
screenshot_7126.png,nrr6,0
screenshot_7127.png,9xgh3,0
screenshot_7128.png,fdddj,0
screenshot_7129.png,fhgmf,0
screenshot_7131.png,efqx5m,0
screenshot_7132.png,gvdp,0
screenshot_7133.png,vh9g7,0
screenshot_7134.png,282sm,0
screenshot_7135.png,hzwfa7,0
screenshot_7136.png,m653eu,0
screenshot_7137.png,sjc3y,0
screenshot_7138.png,nzt5ty,0
screenshot_7139.png,2j6t,0
screenshot_7140.png,r8nr,0
screenshot_7141.png,w7qxax,0
screenshot_7142.png,8fkbi3,0
screenshot_7143.png,g9yic9,0
screenshot_7144.png,d2ss,0
screenshot_7145.png,8arwh,0
screenshot_7146.png,vxkm,0
screenshot_7148.png,hgb5bm,0
screenshot_7149.png,v5u5,0
screenshot_7150.png,skfv,0
screenshot_7151.png,hbvup,0
screenshot_7152.png,du62b,0
screenshot_7153.png,j29i,0
screenshot_7154.png,458wq,0
screenshot_7155.png,ej73j,0
screenshot_7156.png,vwk54,0
screenshot_7157.png,avu8,0
screenshot_7158.png,rbax,0
screenshot_7159.png,3csmi,0
screenshot_7160.png,esxhd,0
screenshot_7161.png,th87d,0
screenshot_7162.png,kn54,0
screenshot_7163.png,ueqeyx,0
screenshot_7164.png,zsmim5,0
screenshot_7166.png,6k6ep,0
screenshot_7168.png,5iyb3,0
screenshot_7169.png,27dcv9,0
screenshot_7170.png,6bqup5,0
screenshot_7171.png,rmyfw,0
screenshot_7172.png,ndxxe,0
screenshot_7174.png,8wrm,0
screenshot_7175.png,en6s97,0
screenshot_7176.png,5yxe,0
screenshot_7177.png,xha5nu,0
screenshot_7178.png,3rjgw,0
screenshot_7179.png,egp6z,0
screenshot_7180.png,sza8,0
screenshot_7181.png,avz4k,0
screenshot_7182.png,5dra,0
screenshot_7183.png,g9hy,0
screenshot_7184.png,75rz,0
screenshot_7185.png,b5wm4h,0
screenshot_7186.png,6zgqa,0
screenshot_7187.png,2nh2eg,0
screenshot_7188.png,5iycge,0
screenshot_7189.png,f5wqm,0
screenshot_7190.png,7xmx,0
screenshot_7191.png,a8wx,0
screenshot_7192.png,wm97a,0
screenshot_7193.png,fn643,0
screenshot_7194.png,rx27z6,0
screenshot_7195.png,iciqzm,0
screenshot_7196.png,t5gr2,0
screenshot_7197.png,f927,0
screenshot_7198.png,7fxmcp,0
screenshot_7199.png,dccrin,0
screenshot_7200.png,spq2,0
screenshot_7201.png,daa3,0
screenshot_7202.png,gfjh,0
screenshot_7203.png,yfqa,0
screenshot_7204.png,mkip,0
screenshot_7205.png,z78q4d,0
screenshot_7207.png,4t97b,0
screenshot_7208.png,5gt3ia,0
screenshot_7209.png,vp5r,0
screenshot_7210.png,iynxr5,0
screenshot_7211.png,6y2t,0
screenshot_7212.png,hak8g,0
screenshot_7213.png,kd4cn,0
screenshot_7214.png,9u9my9,0
screenshot_7215.png,kshr,0
screenshot_7216.png,hk4j,0
screenshot_7217.png,hizg,0
screenshot_7218.png,9umszy,0
screenshot_7219.png,etuekd,0
screenshot_7220.png,keg9sc,0
screenshot_7221.png,khpeb9,0
screenshot_7222.png,32ci,0
screenshot_7223.png,rzsrs,0
screenshot_7224.png,ck5xkc,0
screenshot_7225.png,xep4,0
screenshot_7226.png,ujewjx,0
screenshot_7227.png,jwc6,0
screenshot_7229.png,yxukn,0
screenshot_7230.png,79stk,0
screenshot_7231.png,matnz6,0
screenshot_7232.png,6ghtb,0
screenshot_7233.png,5hf,0
screenshot_7234.png,3jcg3f,0
screenshot_7235.png,xmc9rv,0
screenshot_7236.png,cm9c8,0
screenshot_7237.png,admqn,0
screenshot_7238.png,mtkz,0
screenshot_7239.png,9xt7,0
screenshot_7240.png,8s3xv6,0
screenshot_7241.png,aquj,0
screenshot_7242.png,4p,0
screenshot_7243.png,tf3hv,0
screenshot_7244.png,3frrf,0
screenshot_7245.png,ptwygp,0
screenshot_7246.png,6gcf,0
screenshot_7247.png,74m97b,0
screenshot_7248.png,whgnu,0
screenshot_7249.png,ehz4,0
screenshot_7250.png,icrdb,0
screenshot_7251.png,kmuqfb,0
screenshot_7252.png,9zy9si,0
screenshot_7253.png,bcc5c,0
screenshot_7254.png,twzck,0
screenshot_7255.png,ysi2r,0
screenshot_7256.png,rz5h,0
screenshot_7257.png,phvq,0
screenshot_7258.png,77adc,0
screenshot_7259.png,svb3dr,0
screenshot_7260.png,ht4x73,0
screenshot_7261.png,ng7fzf,0
screenshot_7262.png,mmqj,0
screenshot_7263.png,nve8e5,0
screenshot_7264.png,gs6n,0
screenshot_7265.png,b2w3kf,0
screenshot_7266.png,5t6z,0
screenshot_7267.png,zt6uc,0
screenshot_7268.png,vdrv,0
screenshot_7269.png,bmhdez,0
screenshot_7270.png,kdc9g,0
screenshot_7271.png,tfzuy,0
screenshot_7272.png,p6ct,0
screenshot_7273.png,4tr9,0
screenshot_7274.png,ishf9,0
screenshot_7275.png,wb3r,0
screenshot_7276.png,9gx,0
screenshot_7277.png,48885j,0
screenshot_7278.png,qs4py,0
screenshot_7279.png,4abhi,0
screenshot_7280.png,fazx,0
screenshot_7281.png,ryccr,0
screenshot_7282.png,snbzsi,0
screenshot_7283.png,5a4xu,0
screenshot_7284.png,ef93z,0
screenshot_7285.png,wa2ca,0
screenshot_7286.png,jyujr,0
screenshot_7288.png,ib7h87,0
screenshot_7289.png,ebdy,0
screenshot_7290.png,wbhy,0
screenshot_7291.png,ef6452,0
screenshot_7292.png,436ynx,0
screenshot_7293.png,iei4s,0
screenshot_7294.png,i4jk,0
screenshot_7295.png,qksav,0
screenshot_7296.png,6ik3,0
screenshot_7298.png,xzp8sn,0
screenshot_7299.png,axkbcg,0
screenshot_7300.png,bm4zaz,0
screenshot_7301.png,kdyqzn,0
screenshot_7302.png,tzfbu7,0
screenshot_7304.png,4jy5,0
screenshot_7305.png,gtvygv,0
screenshot_7306.png,5fs3w7,0
screenshot_7307.png,6yyr,0
screenshot_7308.png,vxrv,0
screenshot_7309.png,74ib,0
screenshot_7310.png,828qet,0
screenshot_7311.png,d2vec,0
screenshot_7312.png,siry2d,0
screenshot_7313.png,v3mq,0
screenshot_7315.png,cyvgf,0
screenshot_7316.png,nx5w,0
screenshot_7317.png,udq89,0
screenshot_7318.png,bv2ebh,0
screenshot_7319.png,79tj,0
screenshot_7320.png,4k2r,0
screenshot_7321.png,euy3q,0
screenshot_7322.png,dy93,0
screenshot_7323.png,uvge,0
screenshot_7324.png,v5dn,0
screenshot_7325.png,8dewi,0
screenshot_7326.png,idfz,0
screenshot_7328.png,6y79ex,0
screenshot_7329.png,wytdt,0
screenshot_7330.png,tj4kk,0
screenshot_7331.png,jxe65r,0
screenshot_7332.png,mdbesr,0
screenshot_7333.png,3ui3kj,0
screenshot_7334.png,tz5h,0
screenshot_7335.png,yqs4f,0
screenshot_7336.png,2epy,0
screenshot_7337.png,hufa,0
screenshot_7338.png,4akkts,0
screenshot_7340.png,rth,0
screenshot_7341.png,ti4r,0
screenshot_7342.png,adgi4v,0
screenshot_7343.png,6vcn3,0
screenshot_7344.png,92k47p,0
screenshot_7345.png,q8jb,0
screenshot_7346.png,6imrp7,0
screenshot_7347.png,eksc,0
screenshot_7348.png,5652f,0
screenshot_7349.png,7d4j5w,0
screenshot_7351.png,rcqp,0
screenshot_7352.png,efpt,0
screenshot_7353.png,h6m9t3,0
screenshot_7354.png,ab5zx,0
screenshot_7355.png,nsz4qb,0
screenshot_7356.png,jvubm,0
screenshot_7357.png,bzsn,0
screenshot_7358.png,g42h,0
screenshot_7359.png,ku3pw,0
screenshot_7360.png,7bef38,0
screenshot_7361.png,pzirm3,0
screenshot_7362.png,ertbgh,0
screenshot_7363.png,e2yj,0
screenshot_7364.png,cyri4,0
screenshot_7365.png,hwu,0
screenshot_7367.png,wiyf,0
screenshot_7368.png,wzfh,0
screenshot_7369.png,kwp5b,0
screenshot_7370.png,muyc,0
screenshot_7371.png,826u,0
screenshot_7372.png,g2ctb8,0
screenshot_7373.png,eesd,0
screenshot_7374.png,4dgw,0
screenshot_7375.png,zuc9,0
screenshot_7376.png,hw3bzz,0
screenshot_7377.png,e7ygx,0
screenshot_7378.png,gx73pv,0
screenshot_7379.png,yiyqb,0
screenshot_7380.png,evyu,0
screenshot_7381.png,kymu9,0
screenshot_7382.png,dp3j,0
screenshot_7384.png,5tp3n6,0
screenshot_7385.png,vsei3u,0
screenshot_7386.png,hc8vfv,0
screenshot_7387.png,8rh7,0
screenshot_7388.png,nw5v,0
screenshot_7389.png,ycctw,0
screenshot_7390.png,yze4,0
screenshot_7391.png,hxir,0
screenshot_7392.png,3952,0
screenshot_7393.png,msjvp,0
screenshot_7394.png,bj9b,0
screenshot_7395.png,jtaw96,0
screenshot_7396.png,82xxt,0
screenshot_7397.png,q2rm,0
screenshot_7398.png,p8he,0
screenshot_7399.png,kd52,0
screenshot_7400.png,r9ssw,0
screenshot_7401.png,q5cu,0
screenshot_7403.png,up62,0
screenshot_7404.png,wpc5qc,0
screenshot_7405.png,d33mw,0
screenshot_7406.png,h3cz4,0
screenshot_7407.png,4s8593,0
screenshot_7408.png,er2h,0
screenshot_7409.png,aejw,0
screenshot_7410.png,v2vf,0
screenshot_7411.png,mg4t,0
screenshot_7412.png,2j2ma,0
screenshot_7414.png,qs62,0
screenshot_7415.png,h8db,0
screenshot_7416.png,6er67,0
screenshot_7417.png,fp32,0
screenshot_7418.png,cb2hm,0
screenshot_7419.png,jgrmba,0
screenshot_7420.png,csue2,0
screenshot_7421.png,59b5i,0
screenshot_7422.png,vahqna,0
screenshot_7423.png,v7tvr,0
screenshot_7424.png,kfpi5h,0
screenshot_7425.png,ana6e,0
screenshot_7426.png,gnea9b,0
screenshot_7427.png,7aysa,0
screenshot_7429.png,y9hat,0
screenshot_7430.png,j698av,0
screenshot_7431.png,ri2q6c,0
screenshot_7432.png,s8gcnm,0
screenshot_7433.png,z3ke,0
screenshot_7434.png,zh4v,0
screenshot_7435.png,64gn4m,0
screenshot_7436.png,3p7h5,0
screenshot_7437.png,pnfw79,0
screenshot_7438.png,ia45u6,0
screenshot_7439.png,u2a5cu,0
screenshot_7441.png,c8wim,0
screenshot_7442.png,gqdin,0
screenshot_7443.png,saazup,0
screenshot_7444.png,zq3vag,0
screenshot_7446.png,gcwqh,0
screenshot_7447.png,26zz,0
screenshot_7448.png,bmizh,0
screenshot_7449.png,39tbpt,0
screenshot_7450.png,hdnihj,0
screenshot_7452.png,6tsw3,0
screenshot_7453.png,m695p,0
screenshot_7454.png,mbbd2,0
screenshot_7455.png,tuz6b,0
screenshot_7456.png,sfdx,0
screenshot_7457.png,ka4qp,0
screenshot_7459.png,kj783u,0
screenshot_7460.png,kptp,0
screenshot_7461.png,pw2h,0
screenshot_7462.png,znk24,0
screenshot_7463.png,eh7d6,0
screenshot_7464.png,9ev2,0
screenshot_7465.png,xqzxfg,0
screenshot_7466.png,au2t,0
screenshot_7467.png,qeqg,0
screenshot_7468.png,355ch,0
screenshot_7469.png,hkixp,0
screenshot_7470.png,y2ekjg,0
screenshot_7471.png,9z4d,0
screenshot_7472.png,d7my,0
screenshot_7473.png,k9qf85,0
screenshot_7474.png,5zrb8,0
screenshot_7475.png,6jrn,0
screenshot_7476.png,itulq,0
screenshot_7478.png,mfn6,0
screenshot_7479.png,twj9s7,0
screenshot_7480.png,fs6tx,0
screenshot_7481.png,9b3ksu,0
screenshot_7482.png,ycg3h6,0
screenshot_7483.png,gp6v6,0
screenshot_7484.png,k2aq,0
screenshot_7485.png,4s2fg,0
screenshot_7486.png,y49z,0
screenshot_7487.png,r5a7xb,0
screenshot_7488.png,zacjw,0
screenshot_7489.png,nxq4n4,0
screenshot_7490.png,2bag4,0
screenshot_7491.png,7fvi,0
screenshot_7492.png,7iz82,0
screenshot_7493.png,bfrney,0
screenshot_7494.png,59f7,0
screenshot_7495.png,n732,0
screenshot_7496.png,vk26r,0
screenshot_7497.png,6pbis5,0
screenshot_7498.png,c9zwqj,0
screenshot_7499.png,f4p585,0
screenshot_7500.png,rxbvna,0
screenshot_7501.png,dwvkrd,0
screenshot_7502.png,mtf5e,0
screenshot_7503.png,35vmc,0
screenshot_7504.png,4vjm,0
screenshot_7505.png,xs63v,0
screenshot_7506.png,mimzm,0
screenshot_7507.png,4vz98,0
screenshot_7508.png,32an,0
screenshot_7509.png,nsbpq,0
screenshot_7510.png,vrjn,0
screenshot_7511.png,udkamp,0
screenshot_7512.png,r8av4,0
screenshot_7513.png,uihx,0
screenshot_7514.png,cynb,0
screenshot_7515.png,bv63d,0
screenshot_7516.png,gdwe6,0
screenshot_7517.png,vy73jy,0
screenshot_7518.png,2ax2y5,0
screenshot_7519.png,w933g,0
screenshot_7520.png,b56qe,0
screenshot_7521.png,djefn,0
screenshot_7522.png,72rxuy,0
screenshot_7523.png,cy5ysh,0
screenshot_7524.png,8apm,0
screenshot_7525.png,twrtk,0
screenshot_7526.png,sv93wf,0
screenshot_7527.png,bt7r,0
screenshot_7528.png,gqfuiz,0
screenshot_7529.png,v9vh,0
screenshot_7530.png,i9tv2,0
screenshot_7531.png,xt6t,0
screenshot_7532.png,fxmyf,0
screenshot_7533.png,necwyg,0
screenshot_7534.png,3yqj,0
screenshot_7535.png,xr9vs,0
screenshot_7536.png,cdvr,0
screenshot_7537.png,wguy,0
screenshot_7538.png,k77e6,0
screenshot_7539.png,22zj,0
screenshot_7540.png,fvuy,0
screenshot_7541.png,n5d9,0
screenshot_7542.png,cin4,0
screenshot_7543.png,w4fvja,0
screenshot_7544.png,38u2d2,0
screenshot_7545.png,4m8yuy,0
screenshot_7546.png,29n6a,0
screenshot_7548.png,ur5y,0
screenshot_7549.png,kawhjp,0
screenshot_7550.png,99pz,0
screenshot_7551.png,b7zsqx,0
screenshot_7552.png,yertk,0
screenshot_7553.png,aeue2,0
screenshot_7555.png,9j7b,0
screenshot_7556.png,prjp,0
screenshot_7557.png,2x77rg,0
screenshot_7558.png,v69s,0
screenshot_7559.png,gf3jzh,0
screenshot_7560.png,7487k9,0
screenshot_7561.png,aufv,0
screenshot_7562.png,ueb5,0
screenshot_7563.png,4s3gf,0
screenshot_7565.png,n4tgyc,0
screenshot_7566.png,qei9,0
screenshot_7567.png,cdr9,0
screenshot_7568.png,d2qau,0
screenshot_7570.png,4u7y,0
screenshot_7571.png,pameq,0
screenshot_7572.png,8pen,0
screenshot_7573.png,9kmy,0
screenshot_7574.png,ezitk,0
screenshot_7575.png,qfnjxy,0
screenshot_7577.png,xsusq,0
screenshot_7578.png,nzr2f,0
screenshot_7579.png,p49bx,0
screenshot_7580.png,xb3y,0
screenshot_7581.png,vzh9h,0
screenshot_7582.png,5bc6c,0
screenshot_7583.png,eaie,0
screenshot_7584.png,z6zr,0
screenshot_7585.png,n5mz,0
screenshot_7586.png,awc3c3,0
screenshot_7587.png,xzxad,0
screenshot_7588.png,jg5u,0
screenshot_7589.png,2xk3s,0
screenshot_7590.png,74eud,0
screenshot_7591.png,9u2dc,0
screenshot_7593.png,d9n3,0
screenshot_7594.png,i8auyw,0
screenshot_7595.png,ukp7,0
screenshot_7596.png,4bccwm,0
screenshot_7597.png,89iy,0
screenshot_7598.png,z8dk8,0
screenshot_7599.png,e3bzbs,0
screenshot_7600.png,c61sg,0
screenshot_7601.png,zh73k6,0
screenshot_7602.png,n5s2d,0
screenshot_7604.png,ptrrwn,0
screenshot_7605.png,s6e,0
screenshot_7606.png,ksjr8,0
screenshot_7607.png,59ym,0
screenshot_7608.png,rgycq,0
screenshot_7609.png,wm2yd,0
screenshot_7610.png,jvb6t2,0
screenshot_7611.png,2e6uk,0
screenshot_7612.png,kgab,0
screenshot_7613.png,6nah,0
screenshot_7614.png,atqjsx,0
screenshot_7615.png,86yihr,0
screenshot_7616.png,8xat,0
screenshot_7617.png,si7d,0
screenshot_7618.png,eynaz,0
screenshot_7619.png,f4ezy,0
screenshot_7620.png,ep6vmq,0
screenshot_7622.png,7m449d,0
screenshot_7623.png,5schf,0
screenshot_7624.png,xvwat,0
screenshot_7625.png,susy48,0
screenshot_7626.png,itfp,0
screenshot_7627.png,mrm65,0
screenshot_7628.png,ervaf,0
screenshot_7629.png,8uvmc,0
screenshot_7630.png,s78cp6,0
screenshot_7631.png,n93eq,0
screenshot_7632.png,kr2b,0
screenshot_7633.png,6jke,0
screenshot_7634.png,vd82,0
screenshot_7635.png,wawfe,0
screenshot_7636.png,rn22q,0
screenshot_7637.png,qnym8,0
screenshot_7638.png,ze63,0
screenshot_7639.png,h3jz5,0
screenshot_7640.png,y8e4ke,0
screenshot_7641.png,isfv8f,0
screenshot_7642.png,ds9m,0
screenshot_7643.png,bhqy,0
screenshot_7644.png,f53z3r,0
screenshot_7645.png,8j75c,0
screenshot_7646.png,jsuaq,0
screenshot_7647.png,n8sx6,0
screenshot_7648.png,m7ue,0
screenshot_7650.png,98zxp,0
screenshot_7652.png,zjap,0
screenshot_7653.png,2dv2kb,0
screenshot_7654.png,b6h5,0
screenshot_7656.png,m7zhku,0
screenshot_7657.png,mkrdew,0
screenshot_7658.png,zv5n,0
screenshot_7660.png,ynesb,0
screenshot_7661.png,ymyj8m,0
screenshot_7662.png,mtke,0
screenshot_7664.png,fys9dw,0
screenshot_7665.png,gicuu,0
screenshot_7666.png,yk3vn3,0
screenshot_7667.png,c2ztn,0
screenshot_7668.png,rc2ku,0
screenshot_7669.png,hxas,0
screenshot_7670.png,pgps97,0
screenshot_7671.png,mupqd,0
screenshot_7673.png,jrmkc,0
screenshot_7675.png,2j64,0
screenshot_7676.png,k8w2fs,0
screenshot_7677.png,ideu,0
screenshot_7678.png,37d7,0
screenshot_7679.png,hfe8,0
screenshot_7680.png,a94d,0
screenshot_7681.png,wetzz,0
screenshot_7682.png,x2r6r,0
screenshot_7683.png,v2yen,0
screenshot_7684.png,ne54,0
screenshot_7687.png,u6xyhy,0
screenshot_7688.png,xzvjk,0
screenshot_7689.png,7rf,0
screenshot_7690.png,7d46d,0
screenshot_7692.png,m29t,0
screenshot_7693.png,3mex2,0
screenshot_7694.png,evfxy4,0
screenshot_7695.png,dgfx7m,0
screenshot_7696.png,awa3,0
screenshot_7697.png,su9gw,0
screenshot_7699.png,b2ym,0
screenshot_7700.png,bq5g7,0
screenshot_7701.png,sit4dh,0
screenshot_7702.png,bvch7d,0
screenshot_7703.png,9dj,0
screenshot_7704.png,3whjv,0
screenshot_7705.png,bvxn,0
screenshot_7706.png,izc6j,0
screenshot_7707.png,yedn,0
screenshot_7708.png,zuv77,0
screenshot_7709.png,anxv,0
screenshot_7710.png,ycfg,0
screenshot_7711.png,8q96x3,0
screenshot_7712.png,278x,0
screenshot_7713.png,jfm5h,0
screenshot_7714.png,6kfeq,0
screenshot_7715.png,3x2z4,0
screenshot_7717.png,bde5x,0
screenshot_7718.png,s86h9p,0
screenshot_7719.png,a35fy2,0
screenshot_7720.png,ir6tij,0
screenshot_7721.png,5bakd,0
screenshot_7722.png,e6i678,0
screenshot_7723.png,s59csm,0
screenshot_7724.png,r6hj5p,0
screenshot_7725.png,br6nf,0
screenshot_7726.png,nubsh,0
screenshot_7727.png,4eq9f,0
screenshot_7728.png,xu7gd,0
screenshot_7729.png,ja3u9,0
screenshot_7730.png,p5ya2,0
screenshot_7731.png,dj4dji,0
screenshot_7732.png,tpykv,0
screenshot_7733.png,p5w4,0
screenshot_7734.png,4vhhp,0
screenshot_7735.png,39ic9,0
screenshot_7736.png,ma8isn,0
screenshot_7737.png,ad9v,0
screenshot_7738.png,k9tr,0
screenshot_7739.png,qi3e2,0
screenshot_7740.png,mdwupx,0
screenshot_7741.png,qegmiq,0
screenshot_7742.png,v3kg,0
screenshot_7743.png,a6yji,0
screenshot_7744.png,vijvu,0
screenshot_7745.png,6bkqm5,0
screenshot_7746.png,vg24,0
screenshot_7747.png,vn56,0
screenshot_7748.png,wvr6h2,0
screenshot_7749.png,m7y7,0
screenshot_7750.png,c9dfhw,0
screenshot_7751.png,vf76v,0
screenshot_7752.png,iwpx,0
screenshot_7753.png,ky2q63,0
screenshot_7754.png,v9kngp,0
screenshot_7755.png,4sf9,0
screenshot_7756.png,t96yak,0
screenshot_7757.png,vgvz,0
screenshot_7759.png,5baw,0
screenshot_7760.png,fh6e6,0
screenshot_7761.png,mbna,0
screenshot_7762.png,su98,0
screenshot_7763.png,ie5xkc,0
screenshot_7764.png,t2f6,0
screenshot_7765.png,7vvj,0
screenshot_7766.png,se48,0
screenshot_7767.png,vy6wfy,0
screenshot_7768.png,59z7,0
screenshot_7769.png,8qy,0
screenshot_7770.png,646x,0
screenshot_7771.png,sdki,0
screenshot_7772.png,u8wsg,0
screenshot_7773.png,dffw,0
screenshot_7774.png,56ek,0
screenshot_7775.png,rnaxi,0
screenshot_7776.png,vdkbg,0
screenshot_7777.png,qmxt3,0
screenshot_7778.png,i964jh,0
screenshot_7779.png,hwzwh,0
screenshot_7780.png,3iid,0
screenshot_7782.png,thwyi,0
screenshot_7783.png,4s49d,0
screenshot_7784.png,2k5qh,0
screenshot_7785.png,hzun3,0
screenshot_7786.png,b52w6e,0
screenshot_7787.png,zmvn,0
screenshot_7788.png,4dnvbe,0
screenshot_7789.png,xsrn,0
screenshot_7790.png,t6grhs,0
screenshot_7791.png,5sye,0
screenshot_7792.png,9hpr,0
screenshot_7793.png,h8xq5t,0
screenshot_7794.png,wah3,0
screenshot_7795.png,bmqg,0
screenshot_7796.png,z4qy,0
screenshot_7798.png,fsjkxd,0
screenshot_7799.png,g4ys,0
screenshot_7800.png,bpga,0
screenshot_7801.png,aydjzs,0
screenshot_7802.png,yptthi,0
screenshot_7803.png,5t78jk,0
screenshot_7804.png,893p4,0
screenshot_7806.png,vz2hna,0
screenshot_7807.png,q2i6,0
screenshot_7808.png,9v8r,0
screenshot_7809.png,t9rz,0
screenshot_7810.png,g7b2sx,0
screenshot_7811.png,yvp48,0
screenshot_7812.png,ucimfy,0
screenshot_7813.png,4dr4,0
screenshot_7814.png,bs8qzw,0
screenshot_7815.png,xpb2,0
screenshot_7816.png,tdc8,0
screenshot_7817.png,zbd9n,0
screenshot_7818.png,8fvp,0
screenshot_7819.png,4kxmtk,0
screenshot_7820.png,5abw,0
screenshot_7821.png,tpcbq2,0
screenshot_7822.png,fnxwb,0
screenshot_7823.png,j6z25g,0
screenshot_7824.png,guzrk,0
screenshot_7825.png,c6ft,0
screenshot_7826.png,dswwz4,0
screenshot_7827.png,8mr57v,0
screenshot_7828.png,vh5bs,0
screenshot_7829.png,5c77,0
screenshot_7830.png,y6kru,0
screenshot_7831.png,gft6v,0
screenshot_7832.png,dvdsw,0
screenshot_7833.png,ha7uc,0
screenshot_7834.png,2ycag3,0
screenshot_7835.png,vu2j26,0
screenshot_7836.png,5pjgj,0
screenshot_7837.png,icp9a,0
screenshot_7838.png,nijn,0
screenshot_7839.png,kyitz,0
screenshot_7840.png,kuagk,0
screenshot_7841.png,b8zs45,0
screenshot_7842.png,pk7rpv,0
screenshot_7843.png,92v6z,0
screenshot_7844.png,4riair,0
screenshot_7845.png,2mrd,0
screenshot_7846.png,ze82im,0
screenshot_7847.png,y74xi,0
screenshot_7848.png,vgdc,0
screenshot_7849.png,9jdz,0
screenshot_7850.png,nuwh,0
screenshot_7851.png,8eaipt,0
screenshot_7852.png,9h3q3,0
screenshot_7853.png,8rit,0
screenshot_7855.png,qrft3,0
screenshot_7856.png,wkdsw,0
screenshot_7857.png,wzeih,0
screenshot_7858.png,s7eb,0
screenshot_7859.png,tw5e,0
screenshot_7861.png,fgnh8,0
screenshot_7862.png,tccv2n,0
screenshot_7863.png,ikuwrv,0
screenshot_7864.png,2h35,0
screenshot_7865.png,nxrd,0
screenshot_7866.png,a8epqd,0
screenshot_7867.png,d7dn6,0
screenshot_7868.png,85tzkz,0
screenshot_7869.png,ivt2w,0
screenshot_7870.png,8j6dkr,0
screenshot_7871.png,y8gtx,0
screenshot_7872.png,ep6z,0
screenshot_7873.png,ajr8,0
screenshot_7874.png,gsu,0
screenshot_7875.png,uzurbw,0
screenshot_7876.png,whqh,0
screenshot_7877.png,mw7ad9,0
screenshot_7878.png,kvt2,0
screenshot_7879.png,5ndqnk,0
screenshot_7880.png,ck5k,0
screenshot_7881.png,9jc6a,0
screenshot_7882.png,qfdp,0
screenshot_7883.png,57zr,0
screenshot_7884.png,4ghzf,0
screenshot_7885.png,4bmec,0
screenshot_7886.png,89zj,0
screenshot_7887.png,uewcyf,0
screenshot_7888.png,ass6,0
screenshot_7889.png,u5vbm5,0
screenshot_7890.png,j7ra,0
screenshot_7892.png,9uwy5h,0
screenshot_7893.png,n2n2g,0
screenshot_7894.png,68hnm5,0
screenshot_7895.png,s7ch,0
screenshot_7896.png,ndkp,0
screenshot_7897.png,tdc4,0
screenshot_7898.png,87hqh,0
screenshot_7899.png,peenc,0
screenshot_7900.png,g7k4,0
screenshot_7901.png,itth,0
screenshot_7902.png,w5zt6,0
screenshot_7904.png,973i4,0
screenshot_7905.png,wfx,0
screenshot_7906.png,87g8,0
screenshot_7907.png,wi4i,0
screenshot_7908.png,f3w3,0
screenshot_7909.png,4wqv5,0
screenshot_7910.png,b29t,0
screenshot_7911.png,5eu2cs,0
screenshot_7912.png,eyr26p,0
screenshot_7913.png,7bsdvp,0
screenshot_7914.png,tm7q,0
screenshot_7915.png,hxm6sq,0
screenshot_7916.png,sxuau,0
screenshot_7918.png,kefr4j,0
screenshot_7919.png,i59jx,0
screenshot_7920.png,8fc9,0
screenshot_7921.png,f2vg,0
screenshot_7922.png,a9drn7,0
screenshot_7923.png,ztvt47,0
screenshot_7924.png,3pzvep,0
screenshot_7925.png,kdqfzn,0
screenshot_7926.png,gbj5k,0
screenshot_7927.png,uxb7,0
screenshot_7928.png,yabmj,0
screenshot_7929.png,qrb68,0
screenshot_7930.png,kd3iq9,0
screenshot_7931.png,udfbr,0
screenshot_7932.png,h7n3,0
screenshot_7933.png,hj3u9s,0
screenshot_7934.png,viry2w,0
screenshot_7935.png,72zx,0
screenshot_7936.png,de24u,0
screenshot_7937.png,kmw7mr,0
screenshot_7938.png,urz68,0
screenshot_7940.png,wtt2,0
screenshot_7941.png,d8a3,0
screenshot_7942.png,zucb72,0
screenshot_7943.png,4nrn,0
screenshot_7944.png,zi6it,0
screenshot_7945.png,5y9s7u,0
screenshot_7946.png,j6f94,0
screenshot_7948.png,kntqdq,0
screenshot_7949.png,8uxm9,0
screenshot_7951.png,ndqwr,0
screenshot_7952.png,mi7dtq,0
screenshot_7953.png,zd3xsi,0
screenshot_7954.png,52j4a,0
screenshot_7955.png,bsdmx4,0
screenshot_7956.png,tvzs,0
screenshot_7957.png,ay6wej,0
screenshot_7958.png,i68d,0
screenshot_7959.png,esep,0
screenshot_7960.png,puwr,0
screenshot_7961.png,dhynm,0
screenshot_7962.png,cpt3r,0
screenshot_7964.png,8c5u,0
screenshot_7965.png,s3i838,0
screenshot_7966.png,4mg4,0
screenshot_7967.png,hy4drd,0
screenshot_7968.png,viip,0
screenshot_7969.png,4px53h,0
screenshot_7970.png,ix6jq2,0
screenshot_7971.png,k2ir3d,0
screenshot_7972.png,mvbaw5,0
screenshot_7973.png,giqtkh,0
screenshot_7974.png,wyxc,0
screenshot_7975.png,xbxi,0
screenshot_7977.png,x94ibh,0
screenshot_7978.png,5tq,0
screenshot_7979.png,by9xfx,0
screenshot_7980.png,5whij,0
screenshot_7981.png,7n7m,0
screenshot_7982.png,8iych,0
screenshot_7983.png,bnzjbn,0
screenshot_7984.png,6568,0
screenshot_7985.png,j33j4,0
screenshot_7987.png,yctui4,0
screenshot_7988.png,hghf4,0
screenshot_7990.png,pvchy,0
screenshot_7991.png,zf9d7,0
screenshot_7992.png,tcdd9n,0
screenshot_7993.png,un9qy,0
screenshot_7994.png,hkggx6,0
screenshot_7995.png,i437y,0
screenshot_7996.png,zj5vf7,0
screenshot_7997.png,5ej5,0
screenshot_7998.png,wp97mx,0
screenshot_7999.png,3rgkh,0
screenshot_8000.png,tvfu,0
screenshot_8001.png,dkfm,0
screenshot_8002.png,giditc,0
screenshot_8003.png,8exnj,0
screenshot_8004.png,9xeih3,0
screenshot_8005.png,636z7x,0
screenshot_8006.png,ya72,0
screenshot_8007.png,hexejg,0
screenshot_8008.png,3if,0
screenshot_8009.png,f4yzcq,0
screenshot_8010.png,4g8,0
screenshot_8011.png,pqgmy,0
screenshot_8012.png,mfmw,0
screenshot_8013.png,fw7qjk,0
screenshot_8014.png,j2j3e,0
screenshot_8015.png,p9zy8,0
screenshot_8016.png,er48xj,0
screenshot_8017.png,4f878k,0
screenshot_8018.png,8hdm,0
screenshot_8019.png,dty3su,0
screenshot_8021.png,xnjvg,0
screenshot_8022.png,j8vy46,0
screenshot_8023.png,dtbt,0
screenshot_8024.png,wrai,0
screenshot_8025.png,cprvw,0
screenshot_8026.png,2xc5,0
screenshot_8027.png,5i6vi,0
screenshot_8028.png,fccwu,0
screenshot_8029.png,qrbx,0
screenshot_8030.png,b78cx,0
screenshot_8031.png,rjzs3h,0
screenshot_8032.png,h7fn,0
screenshot_8033.png,75fsu,0
screenshot_8035.png,3qtbga,0
screenshot_8036.png,mn7n2,0
screenshot_8039.png,t6y4s,0
screenshot_8040.png,4x2it7,0
screenshot_8041.png,ty9y,0
screenshot_8042.png,8ejfz,0
screenshot_8043.png,3me3cv,0
screenshot_8044.png,4t8y,0
screenshot_8045.png,p4k8,0
screenshot_8046.png,nf84wj,0
screenshot_8047.png,wb2dt,0
screenshot_8048.png,hsvf,0
screenshot_8050.png,mytfvm,0
screenshot_8051.png,p7rrf,0
screenshot_8052.png,b2xz,0
screenshot_8053.png,m6qe,0
screenshot_8054.png,2baju3,0
screenshot_8055.png,7v7j7w,0
screenshot_8056.png,je98j,0
screenshot_8057.png,dwfcy,0
screenshot_8058.png,24psyq,0
screenshot_8059.png,e5tqnd,0
screenshot_8060.png,3pry,0
screenshot_8061.png,hb2vf,0
screenshot_8066.png,4fbi,0
screenshot_8067.png,ak8mh,0
screenshot_8069.png,4quft,0
screenshot_8070.png,azha,0
screenshot_8071.png,ps4jd,0
screenshot_8072.png,dkqm,0
screenshot_8073.png,ak4i,0
screenshot_8074.png,9ytq,0
screenshot_8075.png,mc7u6,0
screenshot_8076.png,gkcc8x,0
screenshot_8078.png,y8we,0
screenshot_8079.png,gs2j,0
screenshot_8080.png,tvdv,0
screenshot_8081.png,facct,0
screenshot_8082.png,6zmz8,0
screenshot_8083.png,zt8eq,0
screenshot_8084.png,n2b7,0
screenshot_8085.png,hfhehb,0
screenshot_8086.png,pbja,0
screenshot_8087.png,kfcfe,0
screenshot_8088.png,3nrj9c,0
screenshot_8089.png,9vek,0
screenshot_8090.png,kvzy,0
screenshot_8093.png,g3khd,0
screenshot_8094.png,s383b,0
screenshot_8095.png,sjp8,0
screenshot_8096.png,kcpts,0
screenshot_8097.png,8ydxs,0
screenshot_8098.png,cfhw,0
screenshot_8099.png,a73in,0
screenshot_8100.png,if43x,0
screenshot_8101.png,zz8k,0
screenshot_8102.png,932mb6,0
screenshot_8103.png,5nbbp,0
screenshot_8104.png,yevh,0
screenshot_8105.png,t9mrnm,0
screenshot_8106.png,c3ivay,0
screenshot_8107.png,3wj54s,0
screenshot_8108.png,94ut,0
screenshot_8109.png,9rxa,0
screenshot_8110.png,i8vbcp,0
screenshot_8111.png,t2cc,0
screenshot_8112.png,z2a3x,0
screenshot_8113.png,rgp9j,0
screenshot_8114.png,nc9b5w,0
screenshot_8115.png,dr6tyi,0
screenshot_8116.png,462f,0
screenshot_8117.png,bmuh,0
screenshot_8118.png,d8nr3v,0
screenshot_8119.png,6id7u,0
screenshot_8120.png,v4gc,0
screenshot_8122.png,8qcvsz,0
screenshot_8123.png,satdsf,0
screenshot_8124.png,4yr2ds,0
screenshot_8125.png,4ru8qy,0
screenshot_8127.png,yp84,0
screenshot_8128.png,hefz,0
screenshot_8129.png,sk947,0
screenshot_8131.png,4ju7db,0
screenshot_8133.png,ie732c,0
screenshot_8135.png,bb73d,0
screenshot_8136.png,298w,0
screenshot_8137.png,pskv,0
screenshot_8138.png,tdp7,0
screenshot_8139.png,ntpb,0
screenshot_8140.png,bafvzd,0
screenshot_8141.png,titd,0
screenshot_8142.png,vnxq3,0
screenshot_8143.png,7f2x,0
screenshot_8144.png,5q7rbr,0
screenshot_8147.png,yz7njp,0
screenshot_8148.png,adexi,0
screenshot_8149.png,rq2987,0
screenshot_8150.png,zgu6,0
screenshot_8151.png,wf28,0
screenshot_8152.png,45y7p8,0
screenshot_8153.png,vdv4qr,0
screenshot_8154.png,dkne,0
screenshot_8155.png,x5xq,0
screenshot_8156.png,5uxm,0
screenshot_8157.png,nc3w24,0
screenshot_8160.png,jwzyt7,0
screenshot_8161.png,nskxuv,0
screenshot_8162.png,wq4bvs,0
screenshot_8163.png,u7yb,0
screenshot_8164.png,txd5,0
screenshot_8165.png,nend,0
screenshot_8166.png,zy8c4,0
screenshot_8167.png,7wdzv,0
screenshot_8168.png,kbsg,0
screenshot_8169.png,8fyw,0
screenshot_8170.png,2vm2wt,0
screenshot_8171.png,9xydq,0
screenshot_8173.png,6rskg,0
screenshot_8174.png,acgp,0
screenshot_8176.png,78x4jd,0
screenshot_8177.png,cgva,0
screenshot_8178.png,zqrfty,0
screenshot_8179.png,qbv6xd,0
screenshot_8180.png,pr5tg,0
screenshot_8181.png,u4v25,0
screenshot_8182.png,2hxud2,0
screenshot_8183.png,umdzm3,0
screenshot_8184.png,a4sbxh,0
screenshot_8185.png,zpa6,0
screenshot_8186.png,lm4w9,0
screenshot_8187.png,f6suzj,0
screenshot_8188.png,amrmj,0
screenshot_8189.png,aqimb,0
screenshot_8190.png,ywnbn,0
screenshot_8191.png,bfr8,0
screenshot_8192.png,keq3,0
screenshot_8193.png,bgf3,0
screenshot_8194.png,kn8b38,0
screenshot_8195.png,nzeqkz,0
screenshot_8196.png,atsdf,0
screenshot_8197.png,t5qd2,0
screenshot_8198.png,pim6f,0
screenshot_8199.png,4ume,0
screenshot_8200.png,cv48,0
screenshot_8201.png,b2ep83,0
screenshot_8202.png,usp6fe,0
screenshot_8203.png,qwrw5t,0
screenshot_8204.png,acx62,0
screenshot_8205.png,zwi6,0
screenshot_8206.png,z65vqb,0
screenshot_8207.png,45gp,0
screenshot_8208.png,cyu78,0
screenshot_8209.png,uuewz,0
screenshot_8210.png,5ias,0
screenshot_8211.png,wjem,0
screenshot_8212.png,45q67,0
screenshot_8213.png,jcu7,0
screenshot_8214.png,hrv5j,0
screenshot_8216.png,8sqyun,0
screenshot_8217.png,353y,0
screenshot_8218.png,r3yy,0
screenshot_8219.png,dqscf,0
screenshot_8220.png,5ap7,0
screenshot_8222.png,vfn,0
screenshot_8223.png,kz4a8y,0
screenshot_8224.png,jdnfe,0
screenshot_8225.png,yer7,0
screenshot_8226.png,97fbcf,0
screenshot_8227.png,pqym,0
screenshot_8229.png,ufcat,0
screenshot_8231.png,3a8m,0
screenshot_8232.png,cr2hxk,0
screenshot_8233.png,2knh9,0
screenshot_8234.png,9avy,0
screenshot_8235.png,2265t,0
screenshot_8236.png,kpu3,0
screenshot_8237.png,tduf,0
screenshot_8238.png,2nvz,0
screenshot_8239.png,ph97,0
screenshot_8240.png,ja3w,0
screenshot_8242.png,p26c9,0
screenshot_8243.png,j4e7s,0
screenshot_8244.png,z9hiv,0
screenshot_8245.png,uj6iu,0
screenshot_8246.png,7jegt,0
screenshot_8247.png,t5fx6i,0
screenshot_8248.png,zfjza,0
screenshot_8249.png,uvhi,0
screenshot_8250.png,crrrc,0
screenshot_8251.png,j7t5g4,0
screenshot_8252.png,wqsavu,0
screenshot_8253.png,p9a7s7,0
screenshot_8254.png,byvzg,0
screenshot_8255.png,kvpw7u,0
screenshot_8256.png,ienz,0
screenshot_8257.png,7jf5r,0
screenshot_8258.png,n8au,0
screenshot_8259.png,i7cnb,0
screenshot_8260.png,h5b4s,0
screenshot_8261.png,kwgqfe,0
screenshot_8262.png,e7rr,0
screenshot_8263.png,uhzy,0
screenshot_8264.png,2yqp,0
screenshot_8266.png,uya9qt,0
screenshot_8267.png,zrm3,0
screenshot_8268.png,6k7s,0
screenshot_8270.png,a6ti,0
screenshot_8271.png,jummt6,0
screenshot_8272.png,ctt6hy,0
screenshot_8273.png,9pfq,0
screenshot_8274.png,mxkev2,0
screenshot_8275.png,nurxiy,0
screenshot_8276.png,ps2yva,0
screenshot_8277.png,dupvw6,0
screenshot_8278.png,nfqmne,0
screenshot_8279.png,n73kb,0
screenshot_8280.png,s5g6,0
screenshot_8282.png,eb84,0
screenshot_8283.png,ksuq,0
screenshot_8284.png,t9zw3c,0
screenshot_8285.png,st7g4,0
screenshot_8286.png,q3jurz,0
screenshot_8287.png,6jc,0
screenshot_8288.png,stebg,0
screenshot_8289.png,mp9h5i,0
screenshot_8290.png,zyp8,0
screenshot_8292.png,he7n,0
screenshot_8293.png,ueq2h,0
screenshot_8294.png,a58g6j,0
screenshot_8295.png,dtm2w,0
screenshot_8296.png,2ikwt,0
screenshot_8297.png,dzbt8,0
screenshot_8298.png,5yg4u,0
screenshot_8300.png,kyvf,0
screenshot_8301.png,wd3yt,0
screenshot_8302.png,uhw5nc,0
screenshot_8304.png,vdcjk3,0
screenshot_8305.png,2mx5kn,0
screenshot_8306.png,aqhiz8,0
screenshot_8307.png,gzgg29,0
screenshot_8308.png,9gtqcn,0
screenshot_8309.png,z4zb,0
screenshot_8310.png,k35z,0
screenshot_8312.png,fumy,0
screenshot_8313.png,pck2a3,0
screenshot_8314.png,ivach6,0
screenshot_8315.png,hn73i,0
screenshot_8316.png,a8zaq,0
screenshot_8317.png,39kdj,0
screenshot_8318.png,ie58,0
screenshot_8319.png,ni7i,0
screenshot_8320.png,8b2jdk,0
screenshot_8321.png,bkipn,0
screenshot_8322.png,pazap,0
screenshot_8323.png,y4j8,0
screenshot_8324.png,vfyd,0
screenshot_8325.png,a9nz,0
screenshot_8326.png,fptk,0
screenshot_8327.png,psyfg,0
screenshot_8328.png,wnzds,0
screenshot_8329.png,2sta5v,0
screenshot_8330.png,q4tj8,0
screenshot_8331.png,37tq,0
screenshot_8332.png,rzbt5i,0
screenshot_8333.png,hg6im,0
screenshot_8334.png,zakqt,0
screenshot_8335.png,d3bkt,0
screenshot_8337.png,abd8ex,0
screenshot_8338.png,6yt4jm,0
screenshot_8339.png,5yhem,0
screenshot_8340.png,t4hx,0
screenshot_8341.png,qsdqc,0
screenshot_8342.png,wykc,0
screenshot_8343.png,dbsudz,0
screenshot_8344.png,b2zy,0
screenshot_8345.png,snr3,0
screenshot_8346.png,98d69,0
screenshot_8349.png,uy8b,0
screenshot_8350.png,25gq,0
screenshot_8351.png,ny6ksr,0
screenshot_8352.png,mqrva,0
screenshot_8353.png,hzhgb,0
screenshot_8354.png,bc82,0
screenshot_8355.png,43piz,0
screenshot_8356.png,ihpz9i,0
screenshot_8357.png,cjpn8,0
screenshot_8358.png,zq2rs,0
screenshot_8359.png,a8d,0
screenshot_8360.png,3ak8,0
screenshot_8361.png,isiif4,0
screenshot_8363.png,iwzdq,0
screenshot_8364.png,zsr96h,0
screenshot_8365.png,84dzfe,0
screenshot_8366.png,kysbe,0
screenshot_8367.png,s3v6v2,0
screenshot_8368.png,w2yi,0
screenshot_8369.png,3c3vz,0
screenshot_8370.png,rsmwvq,0
screenshot_8371.png,t7rh,0
screenshot_8372.png,67hz,0
screenshot_8373.png,9b4c7,0
screenshot_8374.png,4qx7z,0
screenshot_8375.png,wh9at3,0
screenshot_8376.png,2m5ish,0
screenshot_8377.png,h8w9,0
screenshot_8379.png,eqq5,0
screenshot_8380.png,cma8,0
screenshot_8381.png,ya8us7,0
screenshot_8382.png,82xpm6,0
screenshot_8383.png,pwtg,0
screenshot_8384.png,r483,0
screenshot_8385.png,w6yqs,0
screenshot_8386.png,ry9z,0
screenshot_8387.png,rpzjz,0
screenshot_8388.png,f2gi8,0
screenshot_8389.png,wqpn,0
screenshot_8390.png,v5kd2,0
screenshot_8391.png,shp52,0
screenshot_8392.png,yg7etm,0
screenshot_8393.png,2sspjd,0
screenshot_8394.png,ixedy8,0
screenshot_8395.png,4h6k27,0
screenshot_8396.png,geyz,0
screenshot_8397.png,4zpu,0
screenshot_8398.png,cnxq,0
screenshot_8399.png,b8rx,0
screenshot_8400.png,u62j2,0
screenshot_8401.png,5kai,0
screenshot_8402.png,r6r86w,0
screenshot_8403.png,p5u8,0
screenshot_8404.png,7zw7mu,0
screenshot_8405.png,hxj97h,0
screenshot_8406.png,epns,0
screenshot_8407.png,w6utv,0
screenshot_8408.png,64yc,0
screenshot_8409.png,t2em3,0
screenshot_8410.png,9nua,0
screenshot_8411.png,8qu5y4,0
screenshot_8412.png,yzv6df,0
screenshot_8413.png,64ty,0
screenshot_8414.png,gtak,0
screenshot_8415.png,cubia,0
screenshot_8416.png,ye7i,0
screenshot_8417.png,4wua5a,0
screenshot_8418.png,wq5u,0
screenshot_8419.png,hiy6e,0
screenshot_8420.png,a26h,0
screenshot_8421.png,zsw3g,0
screenshot_8422.png,dt6s,0
screenshot_8423.png,5ayj9v,0
screenshot_8424.png,rbyq,0
screenshot_8425.png,4h6s,0
screenshot_8426.png,hv4b,0
screenshot_8427.png,awqhy,0
screenshot_8428.png,usrnti,0
screenshot_8429.png,x25i8t,0
screenshot_8430.png,nchi,0
screenshot_8431.png,4jjxp,0
screenshot_8432.png,skzca,0
screenshot_8433.png,mk2exy,0
screenshot_8434.png,wr8ti,0
screenshot_8435.png,g27z,0
screenshot_8436.png,ep7r,0
screenshot_8437.png,k75cz,0
screenshot_8438.png,59gf,0
screenshot_8439.png,76bc,0
screenshot_8440.png,be8mh,0
screenshot_8441.png,ptxns8,0
screenshot_8442.png,ake2x,0
screenshot_8444.png,2pdpf,0
screenshot_8445.png,asvn,0
screenshot_8446.png,htiaq,0
screenshot_8447.png,bdjfkf,0
screenshot_8449.png,276b,0
screenshot_8450.png,cwbg,0
screenshot_8451.png,epk7,0
screenshot_8452.png,wh24qr,0
screenshot_8453.png,n9j2r,0
screenshot_8454.png,dvxb3,0
screenshot_8455.png,svqjwe,0
screenshot_8456.png,62csm7,0
screenshot_8458.png,iwfdfp,0
screenshot_8459.png,9yuw,0
screenshot_8460.png,iyjn,0
screenshot_8461.png,virdgd,0
screenshot_8462.png,jvddw,0
screenshot_8463.png,3xkz,0
screenshot_8464.png,qv6i,0
screenshot_8465.png,uns97,0
screenshot_8466.png,rmw9,0
screenshot_8467.png,7itrb,0
screenshot_8468.png,g2gu,0
screenshot_8470.png,wk34n,0
screenshot_8472.png,agkmn,0
screenshot_8474.png,hiqn7g,0
screenshot_8475.png,v8u3,0
screenshot_8476.png,38txbt,0
screenshot_8477.png,ibmd4,0
screenshot_8478.png,y3tp,0
screenshot_8479.png,u3ritn,0
screenshot_8480.png,k4fb,0
screenshot_8481.png,bhvdj,0
screenshot_8482.png,pi9h,0
screenshot_8483.png,3gszr,0
screenshot_8484.png,r94ep,0
screenshot_8485.png,cjnp3u,0
screenshot_8486.png,k3xy4m,0
screenshot_8487.png,zfxxp,0
screenshot_8488.png,2p63fa,0
screenshot_8489.png,awzq9b,0
screenshot_8490.png,ypwf4,0
screenshot_8491.png,gpee6,0
screenshot_8492.png,s5vn,0
screenshot_8493.png,d4y9sf,0
screenshot_8495.png,t3t2,0
screenshot_8496.png,dcw4,0
screenshot_8497.png,g9cvn3,0
screenshot_8499.png,fsv3ux,0
screenshot_8500.png,nckpa,0
screenshot_8501.png,246d,0
screenshot_8503.png,sphitd,0
screenshot_8504.png,shzu,0
screenshot_8506.png,772fw,0
screenshot_8507.png,da4fh,0
screenshot_8508.png,zvt4,0
screenshot_8509.png,8i9qcg,0
screenshot_8510.png,m33k,0
screenshot_8511.png,zidh5,0
screenshot_8512.png,qsyc6,0
screenshot_8513.png,fhfw,0
screenshot_8514.png,86dkz,0
screenshot_8515.png,vp53d,0
screenshot_8516.png,chawk,0
screenshot_8517.png,3hiz,0
screenshot_8518.png,t3rz2,0
screenshot_8519.png,rinfr,0
screenshot_8520.png,ec6x,0
screenshot_8521.png,k5wj,0
screenshot_8522.png,d75z,0
screenshot_8523.png,396qs,0
screenshot_8524.png,z6c34k,0
screenshot_8525.png,8umm,0
screenshot_8526.png,afkfa,0
screenshot_8527.png,7ixg8,0
screenshot_8528.png,q5h7i2,0
screenshot_8529.png,4x8m6,0
screenshot_8530.png,jwpu,0
screenshot_8531.png,zivfz,0
screenshot_8532.png,2gwxj,0
screenshot_8534.png,2f7hs,0
screenshot_8535.png,4xi7gf,0
screenshot_8536.png,bvy5,0
screenshot_8537.png,798a,0
screenshot_8538.png,jux3b,0
screenshot_8539.png,c4rbi,0
screenshot_8540.png,x5fkg,0
screenshot_8541.png,t27fp,0
screenshot_8542.png,q792k3,0
screenshot_8543.png,qzfrj,0
screenshot_8545.png,g3jb75,0
screenshot_8546.png,j2he4,0
screenshot_8547.png,rneehz,0
screenshot_8549.png,ct5,0
screenshot_8550.png,6uryj,0
screenshot_8551.png,jiphm,0
screenshot_8552.png,725bas,0
screenshot_8553.png,frub,0
screenshot_8554.png,r9j85q,0
screenshot_8557.png,fpi9,0
screenshot_8558.png,nuef,0
screenshot_8559.png,itam,0
screenshot_8560.png,ecisb,0
screenshot_8561.png,qtg2,0
screenshot_8562.png,gfky,0
screenshot_8563.png,23x3t,0
screenshot_8564.png,qn59s,0
screenshot_8566.png,g9tmz,0
screenshot_8567.png,anzx,0
screenshot_8568.png,bqk2,0
screenshot_8569.png,ed4p,0
screenshot_8570.png,2rpbs,0
screenshot_8571.png,y4zc,0
screenshot_8572.png,xkzmj,0
screenshot_8574.png,ua9mp,0
screenshot_8575.png,mrede,0
screenshot_8576.png,xhx2,0
screenshot_8577.png,7kyw,0
screenshot_8579.png,jsgu35,0
screenshot_8580.png,9sxfma,0
screenshot_8581.png,hmq42,0
screenshot_8582.png,ixy5,0
screenshot_8583.png,qnsh5s,0
screenshot_8584.png,4bqd73,0
screenshot_8585.png,cqncsv,0
screenshot_8586.png,79r9d9,0
screenshot_8587.png,v8hf4,0
screenshot_8589.png,swsf,0
screenshot_8591.png,rtep,0
screenshot_8592.png,2aczgk,0
screenshot_8593.png,rpm6m,0
screenshot_8594.png,g9tc3,0
screenshot_8595.png,8qgrv,0
screenshot_8596.png,aucf,0
screenshot_8597.png,78nh2d,0
screenshot_8598.png,kfaf,0
screenshot_8599.png,3iin5,0
screenshot_8601.png,gdp45p,0
screenshot_8602.png,rpz3,0
screenshot_8603.png,tvqzg,0
screenshot_8604.png,7ifui,0
screenshot_8605.png,c7dw2s,0
screenshot_8606.png,fubdpm,0
screenshot_8607.png,cwb,0
screenshot_8608.png,wbr9zy,0
screenshot_8609.png,yt2en8,0
screenshot_8610.png,gbzd,0
screenshot_8611.png,fcraed,0
screenshot_8612.png,mksei,0
screenshot_8613.png,efs7,0
screenshot_8614.png,32pnz3,0
screenshot_8615.png,kz5jc,0
screenshot_8616.png,rs3qyp,0
screenshot_8617.png,5ueb5,0
screenshot_8618.png,qtwvq4,0
screenshot_8621.png,seig,0
screenshot_8623.png,ecem,0
screenshot_8625.png,bm529,0
screenshot_8626.png,nbyc,0
screenshot_8628.png,79ektc,0
screenshot_8629.png,i4ab,0
screenshot_8630.png,jxp2,0
screenshot_8631.png,74p6tq,0
screenshot_8632.png,3sje,0
screenshot_8633.png,cwc3,0
screenshot_8634.png,hbpcg,0
screenshot_8636.png,e45e,0
screenshot_8637.png,cshb,0
screenshot_8639.png,h4gyw,0
screenshot_8640.png,hqdu2e,0
screenshot_8641.png,nfy3v5,0
screenshot_8642.png,4bx8s,0
screenshot_8643.png,uvch,0
screenshot_8644.png,kmvay,0
screenshot_8645.png,rhrjpx,0
screenshot_8646.png,h7ew,0
screenshot_8647.png,ueu64v,0
screenshot_8648.png,xvzkv9,0
screenshot_8649.png,y6vbe,0
screenshot_8651.png,wyvnq,0
screenshot_8652.png,xv6c,0
screenshot_8653.png,ynu4y,0
screenshot_8654.png,x5v3,0
screenshot_8655.png,45ky,0
screenshot_8656.png,rv7bei,0
screenshot_8657.png,j89yr,0
screenshot_8658.png,587wx9,0
screenshot_8659.png,4mt3,0
screenshot_8660.png,k5g,0
screenshot_8661.png,j4zxb,0
screenshot_8663.png,wiu2,0
screenshot_8664.png,cz26,0
screenshot_8665.png,9b527,0
screenshot_8666.png,3tywt,0
screenshot_8667.png,u4pt2,0
screenshot_8668.png,vzmt,0
screenshot_8669.png,348vnj,0
screenshot_8670.png,e37y5,0
screenshot_8671.png,egn9e,0
screenshot_8672.png,deqwma,0
screenshot_8673.png,km8wa,0
screenshot_8674.png,3sqv,0
screenshot_8675.png,r364,0
screenshot_8677.png,e3vd,0
screenshot_8678.png,9evs,0
screenshot_8679.png,mrtzv,0
screenshot_8680.png,zmm9,0
screenshot_8681.png,nxp5,0
screenshot_8682.png,t2xe3n,0
screenshot_8683.png,vgvz,0
screenshot_8684.png,eggiv,0
screenshot_8685.png,kajg,0
screenshot_8686.png,manh,0
screenshot_8687.png,jt39zt,0
screenshot_8688.png,x2wngy,0
screenshot_8689.png,nssux,0
screenshot_8690.png,izfsx5,0
screenshot_8691.png,pb5bh,0
screenshot_8692.png,x2w4,0
screenshot_8693.png,pqms,0
screenshot_8694.png,zmq,0
screenshot_8695.png,apz936,0
screenshot_8696.png,sx2e,0
screenshot_8697.png,fhzjr,0
screenshot_8698.png,9rbvi,0
screenshot_8699.png,92pgt,0
screenshot_8700.png,bt22iy,0
screenshot_8701.png,64jq,0
screenshot_8703.png,swdh,0
screenshot_8704.png,53hg,0
screenshot_8705.png,a2nwqt,0
screenshot_8706.png,efne,0
screenshot_8707.png,h5jkyu,0
screenshot_8708.png,5jgz,0
screenshot_8709.png,yakq9,0
screenshot_8710.png,ei2d,0
screenshot_8711.png,iydw,0
screenshot_8712.png,fq4t4,0
screenshot_8713.png,d55kdw,0
screenshot_8714.png,w8tmj,0
screenshot_8715.png,uhsw,0
screenshot_8716.png,iy29s4,0
screenshot_8717.png,45kv8,0
screenshot_8718.png,8u4z,0
screenshot_8719.png,k9hc,0
screenshot_8721.png,jf45,0
screenshot_8722.png,md24,0
screenshot_8723.png,w8jkv,0
screenshot_8724.png,2vpr,0
screenshot_8725.png,de8fk,0
screenshot_8726.png,5u84hq,0
screenshot_8727.png,usg6,0
screenshot_8728.png,iqfxq,0
screenshot_8729.png,sajj6k,0
screenshot_8730.png,nbr835,0
screenshot_8731.png,um9b29,0
screenshot_8732.png,689r2,0
screenshot_8733.png,xe6xje,0
screenshot_8734.png,qds24v,0
screenshot_8735.png,x437,0
screenshot_8736.png,sxhgn,0
screenshot_8737.png,6nf9,0
screenshot_8738.png,f6pbjx,0
screenshot_8739.png,4w37y,0
screenshot_8740.png,9hrg,0
screenshot_8741.png,e9rts,0
screenshot_8742.png,g7t92,0
screenshot_8743.png,mhsd,0
screenshot_8744.png,2e39f,0
screenshot_8745.png,z85w9,0
screenshot_8746.png,s24t,0
screenshot_8747.png,5mhbc,0
screenshot_8748.png,p2mqd,0
screenshot_8749.png,ebnwj,0
screenshot_8750.png,wir4zm,0
screenshot_8752.png,rtfb,0
screenshot_8753.png,xpp63,0
screenshot_8754.png,7dbkz,0
screenshot_8755.png,uz8t4,0
screenshot_8756.png,n5n9rp,0
screenshot_8757.png,w2su,0
screenshot_8758.png,94zv,0
screenshot_8759.png,6kaz,0
screenshot_8760.png,pbv62,0
screenshot_8761.png,4hbg,0
screenshot_8762.png,rawshz,0
screenshot_8763.png,5w27,0
screenshot_8764.png,2x9f,0
screenshot_8765.png,nr6dx2,0
screenshot_8766.png,uah6,0
screenshot_8767.png,tpx2i,0
screenshot_8769.png,3avg,0
screenshot_8770.png,7g6jmx,0
screenshot_8771.png,3vckt,0
screenshot_8772.png,tmtc,0
screenshot_8773.png,dskb,0
screenshot_8774.png,f9dkea,0
screenshot_8775.png,3vkie,0
screenshot_8776.png,c9c3h,0
screenshot_8777.png,tcyig,0
screenshot_8778.png,z2iqw,0
screenshot_8779.png,duxw43,0
screenshot_8780.png,cfv6xf,0
screenshot_8781.png,z6r742,0
screenshot_8783.png,83vj2,0
screenshot_8785.png,vfzj4r,0
screenshot_8786.png,9dmz,0
screenshot_8787.png,u5zd5,0
screenshot_8788.png,4cidg,0
screenshot_8789.png,vtb6d8,0
screenshot_8790.png,itkdm,0
screenshot_8791.png,nf3iq,0
screenshot_8792.png,p3n,0
screenshot_8793.png,pw27,0
screenshot_8794.png,2y87p,0
screenshot_8795.png,x3b5av,0
screenshot_8796.png,sxsnkj,0
screenshot_8797.png,6cyx,0
screenshot_8798.png,aze,0
screenshot_8799.png,jqkzf,0
screenshot_8800.png,4ia5j,0
screenshot_4916.png,i46why,0
screenshot_4947.png,xtv8,0
screenshot_4957.png,k4f99,0
screenshot_4958.png,d2tm2,0
screenshot_4959.png,fgz89d,0
screenshot_4974.png,bwhu,0
screenshot_4993.png,48bkww,0
screenshot_5000.png,7a77,0
screenshot_5004.png,7dcc,0
screenshot_5020.png,bcifx,0
screenshot_5032.png,d9aya6,0
screenshot_5036.png,zwnqdw,0
screenshot_5049.png,xj9v99,0
screenshot_5110.png,4ixaqh,0
screenshot_5113.png,3937z,0
screenshot_5131.png,4hzz,0
screenshot_5164.png,nf77,0
screenshot_5173.png,xwf,0
screenshot_5183.png,95c,0
screenshot_5197.png,ger89p,0
screenshot_5298.png,efgjng,0
screenshot_5309.png,vhwhcf,0
screenshot_5315.png,8jin,0
screenshot_5320.png,uhuqb,0
screenshot_5338.png,yrrtp,0
screenshot_5352.png,9j5gfq,0
screenshot_5356.png,cx9zz,0
screenshot_5360.png,t977,0
screenshot_5364.png,ba28k5,0
screenshot_5375.png,t56p,0
screenshot_5400.png,dpup6f,0
screenshot_5405.png,htdd8,0
screenshot_5414.png,dvpp,0
screenshot_5430.png,fag2f,0
screenshot_5482.png,9p44,0
screenshot_5513.png,k299,0
screenshot_5515.png,4j9xr,0
screenshot_5560.png,ytks5z,0
screenshot_5581.png,939hfj,0
screenshot_5611.png,cscrr,0
screenshot_5624.png,rrvfx6,0
screenshot_5629.png,d6667z,0
screenshot_5634.png,whsy,0
screenshot_5644.png,bpuisx,0
screenshot_5653.png,jcxc,0
screenshot_5666.png,mtmx,0
screenshot_5668.png,aq6a,0
screenshot_5693.png,tbryxa,0
screenshot_5708.png,4ch66,0
screenshot_5748.png,bg2u,0
screenshot_5765.png,54aimw,0
screenshot_5774.png,pfrnvz,0
screenshot_5777.png,mqf6v,0
screenshot_5793.png,dru8ph,0
screenshot_5819.png,sr8hdp,0
screenshot_5821.png,mbw82w,0
screenshot_5840.png,zzsi2x,0
screenshot_5869.png,8nmw,0
screenshot_5875.png,hfvy89,0
screenshot_5954.png,nbmyf2,0
screenshot_5959.png,cizr,0
screenshot_5974.png,jpua,0
screenshot_5986.png,hfqdw,0
screenshot_6000.png,cex2,0
screenshot_6015.png,q9r66,0
screenshot_6036.png,aunrf,0
screenshot_6058.png,rwny7p,0
screenshot_6075.png,v9pw,0
screenshot_6079.png,36c9g,0
screenshot_6094.png,wpiy6,0
screenshot_6123.png,qgpz4,0
screenshot_6132.png,9q6g,0
screenshot_6150.png,5ep2kr,0
screenshot_6152.png,jcge,0
screenshot_6153.png,u38255,0
screenshot_6156.png,mpj2,0
screenshot_6161.png,3u9tk,0
screenshot_6199.png,z8q6hs,0
screenshot_6202.png,whj74y,0
screenshot_6206.png,subnb,0
screenshot_6210.png,9qsa,0
screenshot_6211.png,q2t,0
screenshot_6240.png,pcfyqi,0
screenshot_6262.png,3vxpzz,0
screenshot_6265.png,gg5kt,0
screenshot_6279.png,yrx6,0
screenshot_6300.png,euym2z,0
screenshot_6313.png,rb8e,0
screenshot_6332.png,9mqu2n,0
screenshot_6366.png,88exui,0
screenshot_6368.png,sm9i,0
screenshot_6380.png,jxrc,0
screenshot_6391.png,nb4cqg,0
screenshot_6401.png,vd2de5,0
screenshot_6423.png,f5ww,0
screenshot_6462.png,yabdgp,0
screenshot_6467.png,cmaz3f,0
screenshot_6469.png,zr37fr,0
screenshot_6491.png,7jyyp,0
screenshot_6492.png,7vm9wq,0
screenshot_6557.png,tgitz5,0
screenshot_6570.png,rg352,0
screenshot_6577.png,fwr66,0
screenshot_6599.png,b34t3,0
screenshot_6603.png,gnf4q6,0
screenshot_6608.png,bjgpp,0
screenshot_6614.png,jmmwsu,0
screenshot_6628.png,7r2vq,0
screenshot_6646.png,w9pp,0
screenshot_6649.png,77htjj,0
screenshot_6666.png,ykzj,0
screenshot_6712.png,duf4,0
screenshot_6725.png,qc9bh,0
screenshot_6730.png,j8cdr,0
screenshot_6741.png,gqt5ei,0
screenshot_6771.png,qwd26z,0
screenshot_6774.png,nbgje6,0
screenshot_6820.png,rze9,0
screenshot_6825.png,rjq9b,0
screenshot_6861.png,m3rfgr,0
screenshot_6903.png,gsd7,0
screenshot_6908.png,gq9ry,0
screenshot_6927.png,577rg,0
screenshot_6956.png,jxei,0
screenshot_6978.png,58fs,0
screenshot_7005.png,9h5d,0
screenshot_7037.png,kdsjq3,0
screenshot_7048.png,kw6ss,0
screenshot_7104.png,s5itir,0
screenshot_7130.png,eiffv8,0
screenshot_7147.png,zs5zfa,0
screenshot_7165.png,y7drft,0
screenshot_7167.png,688635,0
screenshot_7173.png,ffqqy,0
screenshot_7206.png,88mz8r,0
screenshot_7228.png,mje9,0
screenshot_7287.png,5scecq,0
screenshot_7297.png,jzfyj,0
screenshot_7303.png,4kmcgx,0
screenshot_7314.png,hvthi,0
screenshot_7327.png,9qgy,0
screenshot_7339.png,yfja6h,0
screenshot_7350.png,h4zg9i,0
screenshot_7366.png,qqum92,0
screenshot_7383.png,f7pd2p,0
screenshot_7402.png,g5enr,0
screenshot_7413.png,8uhajx,0
screenshot_7428.png,5n27yc,0
screenshot_7445.png,8r8qq9,0
screenshot_7451.png,bbkwm9,0
screenshot_7477.png,zu5j,0
screenshot_7547.png,a9g2k2,0
screenshot_7554.png,qgjc5,0
screenshot_7564.png,nhthjf,0
screenshot_7569.png,p8ywr,0
screenshot_7576.png,ifdye,0
screenshot_7603.png,qjyu84,0
screenshot_7621.png,mhwju3,0
screenshot_7649.png,jscyr,0
screenshot_7651.png,p63s,0
screenshot_7659.png,fsmczf,0
screenshot_7663.png,ust2dx,0
screenshot_7672.png,v38nn,0
screenshot_7674.png,csda,0
screenshot_7686.png,vx6w,0
screenshot_7691.png,6e2gyv,0
screenshot_7698.png,9b2cz5,0
screenshot_7716.png,waa7hn,0
screenshot_7781.png,mbct,0
screenshot_7797.png,m37e9,0
screenshot_7805.png,zwmbz2,0
screenshot_7854.png,nazds,0
screenshot_7860.png,vb7wqb,0
screenshot_7891.png,b8qmgq,0
screenshot_7903.png,dx49,0
screenshot_7917.png,ywmdq8,0
screenshot_7939.png,9qhg,0
screenshot_7947.png,yv5dws,0
screenshot_7950.png,i2bqgf,0
screenshot_7963.png,7rj3mc,0
screenshot_7976.png,9pxpt,0
screenshot_7986.png,utsr7,0
screenshot_7989.png,ymwf,0
screenshot_8038.png,kt9ik,0
screenshot_8049.png,xrfv,0
screenshot_8062.png,9kzkgv,0
screenshot_8063.png,fp9zvk,0
screenshot_8064.png,ccbd,0
screenshot_8065.png,9un8,0
screenshot_8068.png,9wgqn,0
screenshot_8077.png,e65qv8,0
screenshot_8091.png,i38xvv,0
screenshot_8092.png,27vpxp,0
screenshot_8121.png,7bu5rt,0
screenshot_8126.png,65wsa,0
screenshot_8130.png,yv99ij,0
screenshot_8132.png,xxib4g,0
screenshot_8134.png,7xyr,0
screenshot_8146.png,9pva,0
screenshot_8158.png,jakfte,0
screenshot_8159.png,5tzz5,0
screenshot_8172.png,ikgc,0
screenshot_8175.png,an2mma,0
screenshot_8215.png,j592ip,0
screenshot_8221.png,safiw,0
screenshot_8228.png,6yt9mw,0
screenshot_8230.png,qdxy,0
screenshot_8241.png,39ay,0
screenshot_8265.png,x9fgv,0
screenshot_8269.png,9m2c,0
screenshot_8291.png,mgfqtt,0
screenshot_8299.png,2jhf,0
screenshot_8303.png,3didw,0
screenshot_8311.png,iqjf,0
screenshot_8336.png,xujh4j,0
screenshot_8362.png,nmpx,0
screenshot_8378.png,t5fb9,0
screenshot_8443.png,r8ei,0
screenshot_8448.png,bkskv,0
screenshot_8457.png,pgei,0
screenshot_8469.png,q4igr,0
screenshot_8471.png,q2frz,0
screenshot_8473.png,gq7gcg,0
screenshot_8494.png,exf3m,0
screenshot_8498.png,qgbau,0
screenshot_8502.png,i2rk9x,0
screenshot_8505.png,ckaqq,0
screenshot_8533.png,jytw,0
screenshot_8544.png,i8qvsn,0
screenshot_8548.png,gu9npm,0
screenshot_8555.png,3p8pdd,0
screenshot_8556.png,rxpuq,0
screenshot_8565.png,6e7e73,0
screenshot_8573.png,rn6w,0
screenshot_8578.png,e6kjj,0
screenshot_8588.png,e7fq,0
screenshot_8590.png,e9uh6,0
screenshot_8600.png,vrbjf,0
screenshot_8619.png,nmqhhr,0
screenshot_8622.png,mb39,0
screenshot_8624.png,u9mud2,0
screenshot_8627.png,uwsg,0
screenshot_8635.png,f539s5,0
screenshot_8638.png,2kdd,0
screenshot_8650.png,zr7833,0
screenshot_8662.png,fy99u,0
screenshot_8676.png,vyjfzc,0
screenshot_8702.png,cbzrej,0
screenshot_8720.png,irdt2b,0
screenshot_8751.png,9366,0
screenshot_8768.png,hyhf,0
screenshot_8782.png,ciaz,0
screenshot_8784.png,kv5zjf,0
